17,8,M,4
26,7,M,2
35,6,F,4
40,6,M,1
49,6,M,1
51,7,F,2
58,6,M,2
87,7,M,1
97,6,F,2
98,7,F,2
99,6,M,6
117,5,F,2
123,5,F,1
133,6,M,
152,4,F,3
155,7,F,6
167,6,M,3
172,5,M,6
174,7,F,1
177,6,M,3
180,6,F,1
182,6,M,4
194,6,F,6
199,6,M,5
216,5,F,2
222,6,M,1
225,7,F,2
227,6,F,6
239,6,F,1
242,8,F,2
248,7,M,5
250,6,F,1
251,6,F,2
255,6,M,2
275,7,M,2
278,5,M,5
284,7,M,5
285,5,F,5
287,6,F,1
321,8,F,1
337,5,M,2
338,7,F,2
339,6,F,1
343,7,F,1
348,5,M,1
360,7,F,2
367,6,M,1
374,6,F,6
386,5,F,4
388,7,M,2
398,5,F,5
403,7,F,2
407,7,F,2
412,5,F,6
429,5,M,5
437,6,F,5
449,6,F,3
453,6,F,4
493,5,F,3
514,6,M,1
518,6,M,3
523,6,M,1
526,7,F,5
545,6,F,3
550,5,M,2
553,5,F,1
582,6,F,5
590,5,M,2
592,7,F,6
596,7,M,3
597,7,M,1
599,6,F,6
600,5,F,5
606,6,F,2
618,7,F,3
624,7,F,5
636,6,F,4
647,5,F,6
663,7,M,1
667,5,F,4
674,6,F,1
683,5,M,3
688,7,F,5
691,6,F,2
720,5,F,1
729,,,1
732,5,F,1
758,6,M,1
770,5,F,3
771,6,F,3
773,6,F,2
796,5,M,6
817,5,F,6
826,6,M,6
833,5,F,3
836,5,F,2
848,5,F,6
854,5,M,6
880,5,M,3
919,6,M,3
926,6,F,3
927,7,F,2
960,5,F,1
962,7,M,2
977,8,F,2
985,6,F,5
993,6,M,6
1018,6,F,5
1020,7,F,3
1034,5,F,2
1045,5,M,4
1069,5,F,2
1077,5,F,5
1079,6,M,1
1085,7,F,5
1106,6,F,4
1113,6,F,2
1121,5,M,1
1122,6,F,3
1123,6,F,2
1143,8,F,6
1154,6,M,3
1155,5,F,2
1164,5,M,2
1167,5,F,5
1183,5,F,5
1188,7,M,1
1202,5,F,3
1210,5,F,2
1235,8,M,1
1247,6,F,5
1256,6,F,5
1269,5,F,4
1271,4,F,2
1282,5,F,2
1299,6,F,2
1306,6,M,2
1308,6,F,3
1323,6,F,6
1324,4,M,5
1327,6,F,1
1345,7,F,3
1347,4,F,2
1349,5,F,3
1383,5,M,1
1402,6,F,3
1410,5,F,3
1419,6,M,2
1422,7,F,2
1429,6,F,5
1446,7,M,6
1463,5,F,5
1482,7,F,3
1486,4,F,2
1487,8,F,4
1497,4,F,6
1498,6,F,3
1520,7,F,6
1523,5,M,1
1536,5,F,1
1558,4,M,2
1561,5,F,6
1568,6,F,3
1596,6,M,1
1598,6,F,2
1610,5,F,1
1630,5,M,4
1671,5,F,3
1695,7,F,3
1702,6,F,2
1718,8,F,5
1723,4,M,1
1736,6,F,3
1750,5,F,6
1764,4,M,4
1768,6,M,4
1770,4,F,6
1771,5,F,3
1790,7,F,6
1791,5,M,5
1798,6,F,2
1811,5,F,2
1849,6,F,4
1853,6,F,1
1885,6,F,6
1895,4,F,5
1906,4,F,4
1919,5,F,3
1925,6,F,2
1931,5,F,2
1946,5,F,2
1963,6,F,5
1990,5,M,4
1997,6,F,3
2027,5,M,3
2037,5,M,6
2040,6,M,2
2041,6,F,2
2043,5,F,2
2044,5,F,2
2068,6,F,6
2075,5,F,5
2086,5,F,3
2107,6,M,3
2115,5,M,3
2129,5,F,5
2136,6,F,4
2146,6,F,6
2147,6,F,4
2175,6,F,2
2182,6,M,2
2189,4,F,3
2212,4,M,5
2217,5,F,6
2225,7,M,5
2237,6,F,4
2259,5,F,5
2261,5,F,6
2263,6,M,5
2283,4,F,2
2289,5,F,1
2295,5,F,5
2299,4,F,3
2300,6,F,2
2333,5,M,4
2337,5,F,1
2338,7,F,2
2367,5,F,2
2370,4,M,2
2379,5,F,1
2385,5,M,6
2414,5,F,1
2431,8,F,1
2434,6,F,3
2457,7,F,1
2459,5,M,3
2465,5,M,1
2471,7,F,2
2480,7,F,1
2484,6,M,5
2493,5,M,3
2494,7,M,6
2502,5,F,2
2507,5,F,2
2521,7,F,6
2537,6,F,3
2538,5,M,4
2540,2,F,2
2543,6,F,2
2564,5,F,2
2570,5,F,1
2597,4,F,4
2604,6,F,3
2619,5,M,1
2628,5,F,3
2632,5,M,3
2636,5,F,6
2640,8,F,2
2643,5,F,2
2658,5,M,4
2683,7,F,2
2691,7,M,2
2693,5,F,6
2694,6,F,3
2695,8,M,1
2711,5,F,3
2714,5,M,2
2722,5,F,4
2745,6,F,5
2754,6,F,6
2758,6,F,5
2768,6,M,3
2775,4,M,2
2780,7,M,6
2785,5,M,3
2787,5,F,6
2790,5,M,6
2801,5,F,3
2818,5,M,5
2822,5,F,1
2830,6,M,6
2837,4,F,6
2849,5,F,2
2852,4,F,2
2853,7,F,1
2867,4,M,5
2896,5,F,1
2906,6,M,5
2908,6,F,3
2913,5,F,6
2914,6,M,3
2918,4,M,3
2929,7,F,6
2937,7,M,4
2956,5,F,1
2962,6,M,6
2963,5,F,2
2964,6,F,2
2974,5,F,5
2975,8,F,5
2979,5,F,1
3005,3,F,3
3010,4,F,6
3011,5,M,5
3016,6,M,2
3018,5,F,3
3021,5,F,6
3022,6,F,2
3028,4,M,1
3038,5,F,3
3042,5,M,3
3051,6,M,2
3059,5,F,6
3085,8,F,4
3086,4,F,2
3099,6,F,5
3108,5,F,3
3122,5,F,4
3123,5,F,3
3129,6,F,6
3148,5,M,2
3149,8,F,3
3153,5,F,3
3157,3,F,4
3179,5,F,6
3181,6,M,1
3191,5,M,5
3204,5,M,3
3211,4,F,5
3213,6,F,6
3226,4,F,1
3231,5,F,1
3238,7,F,2
3247,7,F,1
3271,5,M,6
3274,5,F,2
3282,6,M,2
3288,7,F,2
3295,4,F,2
3317,5,F,6
3326,6,F,2
3329,5,F,4
3333,4,F,2
3345,6,M,2
3371,4,F,2
3379,4,F,5
3386,6,M,3
3403,5,F,6
3414,5,M,4
3429,3,F,6
3440,7,F,2
3447,5,F,2
3450,5,F,2
3453,4,F,3
3459,5,F,3
3466,5,F,6
3471,5,F,2
3476,8,F,4
3479,5,F,6
3487,7,F,1
3489,5,F,2
3491,5,F,2
3501,5,F,3
3503,4,F,2
3507,5,F,3
3519,4,F,6
3556,4,F,3
3559,8,F,2
3562,5,F,3
3563,8,F,4
3566,5,F,2
3574,4,M,3
3585,5,F,3
3589,6,M,2
3591,7,M,2
3593,5,F,2
3607,5,F,6
3623,5,M,3
3648,5,M,6
3657,7,F,2
3660,5,F,1
3664,6,M,3
3674,5,M,4
3680,4,M,6
3707,5,M,3
3716,4,F,3
3737,5,F,1
3744,7,F,4
3752,7,M,4
3758,5,F,4
3809,5,F,5
3821,6,F,2
3824,8,F,6
3835,5,F,2
3849,5,F,2
3855,3,F,1
3868,5,F,1
3871,4,M,3
3872,4,F,2
3875,4,F,4
3903,5,F,3
3915,5,F,6
3924,5,M,1
3927,5,F,3
3932,4,F,1
3941,5,F,2
3945,6,F,5
3961,5,M,1
3963,5,F,4
3987,8,F,4
4024,5,F,6
4052,4,F,2
4055,7,F,5
4084,5,F,5
4105,4,M,2
4109,7,M,6
4113,5,F,6
4126,4,M,1
4132,4,M,2
4141,5,F,2
4143,5,F,2
4148,3,M,4
4159,5,F,3
4186,4,F,3
4188,6,F,4
4193,5,F,2
4202,4,F,2
4205,5,M,3
4213,5,F,2
4218,4,F,3
4220,4,F,5
4222,4,M,2
4232,4,F,3
4233,5,F,2
4241,5,F,4
4246,5,F,1
4253,7,M,3
4266,5,F,6
4267,4,F,6
4294,7,F,1
4296,4,F,4
4307,5,F,2
4310,4,F,6
4328,4,F,3
4333,6,M,2
4388,6,F,6
4392,5,F,5
4394,5,F,5
4400,4,F,1
4401,6,M,6
4424,6,M,5
4427,4,M,2
4428,6,F,3
4466,4,F,4
4473,4,F,6
4476,5,F,6
4483,4,F,3
4500,4,F,3
4518,5,F,6
4532,6,F,3
4543,5,F,2
4551,4,F,6
4553,7,F,6
4558,7,F,5
4559,7,F,6
4601,7,F,6
4607,6,M,5
4621,5,F,5
4627,5,F,4
4630,5,F,5
4636,7,F,2
4645,5,F,3
4653,5,F,1
4654,5,F,5
4689,5,F,2
4694,4,F,6
4698,4,M,1
4704,4,M,3
4715,7,F,2
4726,4,F,3
4728,5,F,3
4739,6,M,3
4740,4,F,6
4741,5,M,4
4751,5,F,2
4761,3,F,5
4770,5,F,2
4772,7,F,2
4775,4,F,6
4786,5,F,6
4808,5,F,2
4820,7,F,6
4828,5,F,3
4840,7,F,1
4849,5,F,6
4864,5,F,1
4894,4,F,2
4897,4,F,6
4917,3,F,2
4934,5,F,6
4935,5,F,1
4967,5,M,4
4968,5,F,3
4973,7,F,6
4976,7,F,3
4984,4,M,3
4993,6,F,1
4998,5,F,1
4999,4,F,5
5024,4,M,1
5036,4,F,2
5038,5,F,3
5080,4,F,2
5088,4,F,4
5102,4,F,6
5106,8,F,1
5109,6,F,2
5147,6,M,2
5153,7,M,2
5156,5,F,3
5161,8,F,4
5188,1,F,2
5207,6,F,1
5210,4,F,2
5219,6,F,2
5223,6,M,5
5225,6,F,6
5251,5,F,5
5258,4,F,2
5290,6,F,2
5311,8,F,6
5325,4,F,2
5326,7,F,3
5330,4,F,2
5352,4,F,3
5354,4,M,3
5370,4,F,2
5371,4,F,3
5398,4,F,1
5429,5,F,2
5437,5,F,1
5443,5,F,3
5446,5,F,2
5448,5,F,2
5450,6,F,1
5451,6,F,2
5459,4,F,2
5476,5,F,6
5485,7,M,3
5521,5,M,6
5533,5,F,1
5545,4,F,4
5550,5,F,5
5557,4,F,2
5565,7,F,4
5597,7,M,5
5603,5,M,2
5614,4,F,2
5624,8,F,6
5633,5,F,2
5646,7,M,3
5661,4,F,6
5675,4,M,5
5718,7,F,6
5726,5,M,6
5730,4,F,6
5732,7,F,3
5745,4,F,6
5746,6,F,2
5766,4,M,5
5769,5,F,6
5772,6,F,4
5774,7,M,6
5775,6,F,3
5777,7,F,5
5796,4,F,5
5814,4,M,6
5818,5,F,3
5819,5,F,2
5823,7,M,1
5832,8,F,4
5841,4,F,2
5846,6,M,6
5859,5,M,6
5870,4,F,3
5872,6,F,6
5883,5,F,6
5893,4,F,6
5898,4,F,5
5911,6,F,6
5922,5,M,4
5928,5,F,3
5935,5,F,1
5953,3,F,2
5959,4,F,6
5965,4,F,6
5967,4,M,6
5970,5,F,4
5984,7,M,3
5988,5,F,4
5993,5,F,1
5996,4,F,1
6009,5,F,3
6014,6,F,4
6016,4,F,3
6034,4,F,6
6042,7,F,5
6069,5,F,5
6110,4,F,1
6113,4,F,1
6136,7,F,4
6145,3,F,3
6156,5,F,5
6183,7,F,5
6186,4,F,1
6195,5,F,4
6221,4,F,6
6227,5,F,6
6244,3,F,2
6257,6,F,5
6259,3,F,1
6261,7,F,5
6270,4,F,4
6272,6,F,5
6291,6,M,3
6309,4,M,2
6316,4,F,2
6405,5,F,6
6406,6,F,3
6422,5,M,4
6430,4,F,2
6441,5,F,6
6444,2,F,2
6450,7,F,2
6451,6,M,6
6460,4,F,4
6480,3,F,2
6487,6,F,3
6494,7,M,6
6495,8,F,1
6499,5,F,1
6500,5,M,4
6522,3,F,2
6528,8,F,2
6538,7,F,2
6576,4,F,2
6579,3,F,2
6585,5,M,2
6602,7,F,6
6613,5,F,2
6629,4,F,6
6632,5,M,3
6682,4,M,5
6686,5,F,4
6701,4,F,6
6703,8,F,1
6708,4,F,5
6710,4,F,2
6715,5,F,2
6724,4,F,4
6725,4,F,1
6728,4,M,3
6777,4,F,6
6779,7,F,2
6780,4,F,6
6785,7,M,2
6801,5,F,2
6807,5,F,1
6816,3,F,2
6822,7,F,2
6826,8,F,2
6827,5,M,4
6842,3,F,2
6856,4,F,1
6877,5,F,2
6898,6,F,1
6903,4,F,3
6905,5,F,1
6917,4,F,2
6923,4,F,3
6941,5,F,1
6989,7,F,6
7009,4,F,3
7029,4,F,6
7047,4,F,2
7079,5,F,2
7102,4,F,2
7111,7,F,6
7115,4,F,1
7117,5,F,6
7134,4,F,5
7140,6,F,3
7141,7,F,2
7158,7,M,6
7176,7,F,4
7189,4,F,5
7190,6,M,1
7197,6,F,6
7213,5,F,3
7266,4,F,3
7279,7,M,3
7281,6,F,4
7284,4,F,2
7287,6,M,6
7323,5,F,6
7337,4,F,1
7338,4,F,6
7339,5,F,1
7348,7,M,4
7352,5,F,1
7369,5,F,2
7377,6,F,4
7383,7,F,6
7391,8,F,5
7392,4,F,1
7397,7,M,3
7398,4,F,2
7410,6,F,2
7418,7,F,3
7437,,,1
7443,4,F,6
7488,3,F,5
7492,5,F,6
7526,7,M,6
7527,7,F,5
7544,4,F,3
7552,7,M,1
7554,4,F,2
7559,4,F,6
7564,4,M,1
7620,5,F,6
7622,5,M,6
7630,6,F,2
7632,5,F,1
7633,4,F,6
7646,4,M,3
7652,5,F,4
7654,3,F,3
7658,7,F,2
7663,8,M,3
7667,6,M,1
7668,4,F,6
7672,7,M,6
7674,4,F,4
7675,5,M,5
7676,3,F,6
7680,5,F,2
7695,6,F,1
7697,4,F,6
7701,6,F,6
7704,5,M,5
7708,5,F,2
7711,4,F,3
7719,4,M,5
7724,6,F,2
7727,4,F,4
7730,5,M,4
7732,7,M,6
7735,7,F,1
7755,5,F,2
7771,6,F,1
7780,5,F,6
7787,6,M,3
7796,6,F,5
7797,4,M,3
7801,4,F,3
7815,4,F,2
7816,6,F,3
7836,7,F,6
7846,4,F,1
7857,5,M,1
7868,4,M,3
7910,4,M,6
7911,5,F,6
7953,7,F,3
7972,4,F,3
7988,4,F,6
7997,4,F,2
8008,7,M,6
8013,5,F,5
8032,5,M,6
8046,7,F,6
8060,3,F,3
8063,5,F,5
8074,7,F,2
8099,5,F,1
8100,6,F,3
8102,4,F,1
8107,4,F,4
8112,6,F,3
8119,3,F,6
8132,4,F,6
8140,6,F,3
8141,5,F,3
8166,5,F,6
8174,4,F,1
8186,4,F,2
8190,5,F,6
8196,4,F,2
8198,4,F,3
8207,5,M,1
8210,5,F,6
8219,4,F,3
8230,4,F,1
8246,5,F,2
8252,6,F,2
8266,7,F,6
8298,4,M,6
8304,4,F,3
8309,4,F,1
8323,7,M,3
8329,3,F,2
8339,4,F,4
8349,4,F,1
8352,4,F,6
8356,7,F,5
8363,4,F,2
8369,5,F,6
8371,4,F,1
8382,5,F,1
8417,4,F,3
8433,6,F,2
8446,3,F,1
8473,6,F,3
8475,7,F,3
8484,4,F,4
8495,4,M,3
8499,4,M,1
8515,7,F,1
8518,5,F,3
8519,5,F,3
8522,4,F,2
8537,4,F,6
8557,5,F,2
8560,7,M,6
8582,5,F,3
8586,4,M,2
8589,5,F,4
8596,5,F,6
8633,5,F,2
8645,6,M,5
8646,5,F,6
8648,5,F,6
8651,7,M,6
8663,5,M,6
8675,5,F,5
8698,7,M,2
8721,4,F,6
8727,4,F,5
8735,5,F,4
8756,6,F,2
8771,4,F,2
8775,4,F,6
8790,5,F,2
8799,5,M,6
8809,4,F,3
8812,4,F,2
8817,4,F,5
8823,5,F,6
8825,6,F,5
8834,8,F,6
8836,6,M,5
8838,5,F,6
8846,7,F,6
8847,4,F,2
8852,7,F,6
8856,5,M,3
8869,8,F,2
8875,4,F,4
8891,6,M,1
8903,4,F,1
8929,7,F,1
8940,8,F,6
8946,4,F,3
8954,5,M,1
8977,3,M,5
8982,4,M,3
8990,4,M,5
9006,5,F,6
9016,6,F,1
9048,2,F,2
9053,7,F,3
9065,4,F,6
9087,4,F,1
9093,4,F,3
9104,4,F,4
9119,5,F,6
9122,7,F,6
9151,4,F,4
9157,5,M,6
9158,5,M,2
9165,5,F,6
9172,5,F,3
9182,5,M,1
9207,5,F,2
9208,5,F,1
9224,4,F,2
9229,3,F,2
9242,4,F,1
9243,4,F,2
9245,4,F,4
9248,8,F,3
9252,4,F,2
9256,4,F,6
9275,7,F,6
9284,3,F,2
9291,4,M,2
9294,4,M,3
9297,6,F,3
9320,5,F,6
9321,5,F,3
9331,4,F,6
9351,5,F,6
9364,4,F,3
9370,4,F,2
9371,5,F,1
9375,4,F,2
9381,3,F,6
9382,6,F,3
9390,5,F,2
9394,3,F,
9401,5,F,4
9412,6,F,5
9423,6,F,5
9453,4,F,3
9456,6,F,6
9459,4,F,4
9463,4,M,6
9464,7,M,2
9469,4,F,5
9472,4,F,1
9493,4,F,4
9504,7,M,5
9528,4,F,2
9531,4,F,5
9532,4,F,2
9542,4,F,4
9549,4,F,6
9598,5,F,6
9607,6,F,5
9609,4,M,2
9613,4,F,2
9616,6,F,6
9625,6,F,5
9654,4,F,2
9667,6,F,2
9671,7,F,5
9680,4,F,5
9688,4,F,6
9707,4,M,4
9718,7,F,2
9726,6,F,3
9728,8,F,5
9730,3,M,3
9735,5,F,4
9767,4,F,4
9769,4,F,1
9778,4,F,3
9792,4,F,6
9797,6,M,4
9800,4,F,5
9842,5,F,6
9843,3,F,4
9851,4,M,3
9863,4,F,5
9867,4,F,3
9876,4,M,6
9877,7,M,6
9897,4,F,6
9901,5,F,6
9911,7,F,6
9922,5,F,5
9932,4,F,1
9937,4,M,6
9939,5,F,3
9952,,,1
9963,4,F,6
9966,4,F,2
9970,4,F,3
9976,6,M,5
9983,5,F,6
9991,7,F,2
9992,7,M,1
9998,4,F,4
10000,5,F,6
10022,4,F,2
10031,4,F,3
10035,4,F,6
10037,4,F,2
10049,4,M,5
10054,4,F,2
10068,4,F,2
10072,7,F,3
10105,7,F,4
10127,4,F,6
10131,5,F,2
10167,4,M,3
10190,7,F,3
10203,5,F,3
10219,5,F,6
10237,4,F,1
10253,6,F,1
10258,4,F,3
10274,5,F,4
10308,4,F,5
10315,5,F,2
10330,5,F,5
10336,5,F,2
10383,3,F,1
10396,4,M,1
10402,4,F,5
10407,4,F,6
10408,7,M,1
10419,5,F,3
10433,5,M,6
10436,5,M,6
10440,7,F,6
10441,4,F,5
10442,5,F,3
10450,4,F,1
10455,5,F,2
10456,6,F,2
10457,4,M,2
10459,6,M,3
10461,6,F,6
10462,7,F,4
10475,3,F,6
10488,5,F,3
10497,6,F,6
10519,3,F,2
10525,4,F,5
10528,5,F,6
10537,4,F,4
10545,5,F,3
10556,7,F,1
10579,4,F,6
10587,3,F,5
10591,4,F,4
10605,4,F,3
10609,4,F,3
10611,4,F,3
10622,4,M,3
10623,5,M,5
10640,4,F,1
10649,4,M,3
10658,7,F,3
10662,3,F,1
10667,3,F,2
10671,6,M,3
10673,3,F,1
10678,3,F,5
10679,3,M,2
10685,7,F,5
10688,4,F,2
10689,8,M,1
10692,5,F,6
10695,5,M,6
10712,7,F,6
10713,4,F,3
10717,5,F,6
10732,3,F,4
10743,6,F,6
10759,2,M,3
10774,4,M,3
10776,5,F,6
10778,5,F,1
10785,5,F,3
10786,5,F,4
10788,4,F,1
10792,6,F,3
10797,4,M,1
10803,4,F,
10813,4,F,2
10834,5,F,6
10845,7,M,6
10853,5,M,5
10870,4,F,5
10879,5,M,3
10882,7,F,4
10885,4,F,3
10886,4,F,6
10893,4,F,3
10896,4,F,6
10918,3,F,6
10929,4,F,3
10939,4,M,4
10986,5,F,3
10987,6,M,6
10990,3,F,2
11011,4,F,3
11035,7,F,2
11039,5,F,1
11050,4,F,1
11065,7,F,3
11066,4,M,5
11117,6,F,3
11118,4,F,4
11128,6,F,6
11134,4,M,3
11154,5,F,5
11160,4,F,6
11167,3,F,6
11178,4,F,6
11205,5,F,4
11222,4,F,6
11232,4,F,4
11237,4,F,3
11252,5,M,6
11254,7,F,6
11266,3,F,3
11267,3,F,6
11310,6,M,1
11312,4,M,3
11316,4,F,6
11320,4,M,1
11326,4,M,3
11329,4,F,5
11334,4,F,2
11336,3,M,2
11337,4,F,6
11343,5,M,2
11347,4,F,2
11381,7,F,6
11388,3,F,3
11390,4,F,3
11391,5,F,2
11400,4,F,6
11404,7,F,3
11415,7,F,3
11425,4,F,3
11436,7,F,2
11441,4,M,6
11442,6,F,3
11448,4,F,6
11477,7,F,3
11480,3,F,6
11488,7,F,6
11495,5,F,2
11499,4,F,6
11521,4,F,6
11527,4,F,1
11528,4,F,3
11544,7,F,2
11545,4,F,5
11552,4,F,3
11566,4,M,6
11567,4,F,2
11588,4,M,2
11600,3,F,6
11604,3,F,4
11610,6,M,5
11612,4,F,1
11614,5,F,2
11620,3,F,3
11624,4,F,4
11626,3,F,3
11633,4,F,5
11640,8,F,3
11650,4,M,4
11662,4,F,5
11665,3,F,6
11680,4,F,6
11704,5,F,6
11713,4,F,2
11715,4,F,6
11718,4,F,2
11751,5,F,4
11752,3,F,1
11757,5,F,6
11782,3,F,6
11787,5,F,4
11796,4,F,2
11829,6,F,3
11832,4,F,6
11837,7,M,3
11839,7,F,6
11843,4,F,3
11847,4,F,3
11857,6,F,5
11892,4,F,2
11899,3,F,3
11910,5,F,2
11925,5,F,6
11945,4,F,6
11956,4,M,2
11973,5,F,4
11985,3,F,2
11992,5,F,2
12003,4,F,4
12004,5,F,3
12011,3,M,3
12052,4,F,2
12058,4,M,3
12060,4,M,2
12064,3,F,2
12084,6,F,3
12102,7,F,6
12103,7,F,1
12109,4,F,6
12126,4,F,4
12130,8,F,3
12143,5,F,2
12149,4,F,2
12154,4,F,5
12158,5,M,1
12167,3,F,3
12204,4,F,2
12220,3,F,1
12224,5,M,2
12250,5,F,5
12251,8,M,5
12265,8,F,6
12273,7,F,3
12278,4,F,5
12280,6,F,3
12295,3,F,2
12313,5,F,6
12321,2,F,6
12334,5,F,1
12335,7,F,6
12357,5,F,1
12359,4,M,3
12360,4,F,5
12385,5,F,2
12392,4,F,5
12396,4,F,6
12405,3,F,2
12426,4,F,1
12436,5,F,3
12454,3,F,1
12457,4,F,1
12483,3,F,6
12497,5,F,1
12507,3,F,6
12524,6,M,1
12556,4,F,3
12564,6,M,6
12574,4,F,2
12596,7,F,6
12598,3,F,2
12599,5,F,4
12623,3,M,6
12624,4,F,6
12625,4,F,3
12630,4,F,3
12639,3,F,1
12641,6,M,3
12642,5,M,5
12654,4,F,5
12655,4,F,1
12656,3,F,2
12658,3,F,2
12660,5,F,4
12667,3,F,1
12674,3,F,2
12685,4,M,1
12688,7,F,6
12696,4,F,6
12704,3,F,1
12740,4,M,3
12747,5,F,3
12754,4,F,4
12756,4,F,5
12799,,,2
12805,5,F,6
12809,5,M,3
12833,4,F,2
12841,6,F,1
12845,2,F,4
12847,2,F,6
12863,4,F,2
12868,7,F,6
12873,4,M,6
12881,7,F,1
12892,4,F,4
12904,5,M,2
12907,3,F,5
12911,3,F,6
12921,4,F,2
12939,4,F,3
12969,4,F,5
12989,4,F,6
12994,4,F,6
13000,4,F,2
13012,4,F,4
13030,4,F,4
13035,4,M,2
13038,3,F,5
13056,4,F,6
13067,4,F,3
13072,4,M,3
13073,4,F,3
13108,4,M,2
13113,5,F,6
13114,7,F,6
13115,6,F,4
13137,5,F,3
13146,5,F,6
13154,6,F,6
13156,4,F,2
13161,5,F,2
13185,3,F,3
13188,3,F,6
13191,3,F,3
13202,4,F,2
13205,4,F,3
13215,4,F,3
13223,5,F,6
13226,3,F,1
13256,5,F,3
13263,7,F,5
13280,3,F,1
13285,2,F,2
13307,5,F,6
13319,4,M,3
13346,6,F,6
13347,3,F,1
13352,7,F,1
13358,5,F,3
13364,7,F,3
13384,4,F,6
13399,4,F,6
13400,2,F,1
13409,5,F,3
13421,,,1
13424,6,M,2
13437,4,F,2
13458,2,F,3
13460,7,F,6
13463,3,F,4
13471,3,F,6
13474,4,F,5
13476,4,F,2
13489,5,F,5
13508,4,M,3
13520,3,M,3
13526,4,F,6
13530,3,F,6
13531,7,F,6
13559,3,F,1
13573,4,F,3
13577,3,F,2
13595,3,F,2
13600,6,F,2
13602,3,F,2
13608,6,M,1
13618,4,F,3
13621,5,F,6
13629,6,F,2
13635,3,F,5
13636,4,F,5
13661,6,M,5
13681,7,M,4
13688,7,M,2
13707,3,M,2
13710,6,F,1
13727,4,M,5
13737,4,F,6
13749,4,F,3
13752,4,F,6
13754,4,M,5
13755,4,F,6
13756,4,F,3
13757,3,M,3
13760,7,F,6
13761,5,F,3
13778,4,F,2
13780,4,F,6
13783,4,M,1
13833,7,F,5
13839,4,F,1
13845,3,F,3
13859,5,M,1
13868,3,F,5
13874,6,M,2
13879,4,F,1
13897,4,F,6
13898,3,F,2
13903,4,M,4
13913,5,F,2
13920,3,F,6
13924,7,F,2
13925,7,F,5
13930,5,F,5
13940,7,F,1
13941,3,F,2
13947,6,F,3
13952,4,F,6
13974,2,F,6
13980,5,F,5
13995,2,F,2
14008,4,F,2
14011,8,F,1
14016,4,M,5
14044,4,F,6
14062,3,F,2
14071,4,F,2
14082,3,M,6
14092,5,F,6
14126,6,F,6
14147,5,F,6
14151,4,F,6
14155,5,F,6
14166,4,F,6
14169,4,F,1
14175,4,F,2
14183,4,F,2
14190,3,M,3
14198,5,F,3
14203,3,F,5
14225,3,F,1
14234,2,F,6
14249,7,F,6
14253,3,F,2
14257,3,F,1
14259,3,F,2
14263,3,F,6
14272,4,F,3
14295,3,F,2
14300,7,M,1
14301,2,M,6
14310,5,F,6
14320,5,M,1
14322,3,M,6
14337,2,M,1
14353,5,F,1
14361,4,F,6
14362,6,F,2
14375,4,F,3
14385,4,F,2
14387,5,F,1
14388,4,F,6
14397,5,M,2
14414,4,F,6
14424,3,F,2
14429,3,F,6
14477,7,F,4
14484,5,F,6
14497,3,F,3
14518,6,F,6
14520,3,F,2
14532,8,F,6
14533,3,F,3
14558,3,F,6
14597,3,F,1
14615,5,F,6
14629,6,M,6
14642,3,F,5
14645,6,F,3
14646,5,F,4
14666,5,F,2
14670,4,F,2
14691,5,F,2
14699,3,F,2
14704,7,F,2
14707,3,M,2
14708,2,F,2
14711,8,M,4
14717,3,M,2
14731,4,F,2
14744,4,F,5
14760,5,F,6
14763,3,F,6
14768,4,F,2
14778,5,F,6
14783,4,F,2
14818,3,M,3
14818,2,M,3
14833,3,M,2
14838,4,M,2
14839,3,F,2
14849,5,F,2
14857,4,F,5
14869,7,M,6
14882,7,M,2
14885,4,F,3
14891,3,F,6
14895,3,F,6
14896,6,F,6
14923,3,M,3
14924,3,F,4
14926,5,F,3
14931,4,F,6
14947,5,M,3
14950,3,F,6
15003,5,M,5
15030,6,F,1
15031,3,M,2
15041,5,F,4
15046,3,F,6
15064,4,F,5
15074,5,F,5
15084,4,M,4
15092,4,F,6
15098,3,F,2
15100,3,F,5
15105,6,M,2
15109,4,F,4
15114,3,F,2
15124,5,F,6
15138,7,M,3
15146,4,F,6
15156,4,F,6
15185,4,M,6
15201,4,F,1
15239,5,F,3
15243,5,F,1
15249,2,F,2
15251,6,M,3
15261,8,M,5
15274,4,M,2
15282,3,M,2
15287,5,F,5
15303,3,M,5
15307,3,F,6
15317,4,F,6
15329,4,F,6
15368,4,M,6
15369,4,F,5
15381,3,F,3
15388,4,M,6
15413,4,F,1
15430,5,M,6
15436,5,M,2
15440,3,F,6
15441,3,F,1
15450,5,F,6
15458,4,F,2
15467,7,F,2
15468,4,M,3
15478,3,F,2
15480,5,F,2
15487,3,M,5
15490,3,F,6
15495,4,F,5
15510,7,F,5
15511,8,F,5
15517,4,F,6
15554,8,F,6
15558,2,M,1
15560,8,M,6
15575,7,F,4
15580,2,F,2
15583,6,F,1
15587,6,M,6
15589,7,F,3
15590,3,F,2
15591,4,M,2
15637,5,M,3
15650,5,F,6
15655,4,F,5
15663,3,F,6
15664,7,M,6
15676,5,M,6
15694,4,F,3
15700,3,F,4
15702,3,M,6
15710,4,F,1
15728,7,M,6
15730,4,F,2
15739,4,F,6
15750,5,F,6
15754,5,F,3
15763,5,M,6
15772,5,M,1
15776,3,M,6
15813,6,M,3
15830,4,F,3
15836,7,F,4
15844,1,F,6
15845,4,F,6
15846,7,F,2
15848,3,F,2
15858,3,F,1
15861,4,F,3
15882,4,F,2
15892,5,F,2
15894,6,F,2
15916,5,F,2
15921,7,F,6
15923,5,F,2
15937,2,F,4
15939,1,F,5
15962,4,F,5
15963,4,F,6
15980,3,F,3
15990,4,F,3
15991,3,F,2
16000,4,F,5
16020,7,F,3
16022,3,F,5
16030,4,F,3
16031,3,F,6
16035,2,F,5
16050,5,F,2
16052,2,F,6
16059,7,F,2
16065,3,F,3
16067,4,M,2
16068,5,F,6
16072,4,F,6
16081,7,F,5
16083,4,M,6
16099,7,F,6
16102,5,F,3
16122,6,M,6
16135,7,M,4
16138,3,F,1
16144,4,F,6
16177,4,F,3
16189,4,F,4
16204,7,M,3
16216,4,F,6
16217,4,M,1
16233,4,F,1
16245,3,F,3
16248,3,F,2
16261,4,F,2
16280,3,F,2
16281,3,F,4
16290,7,F,6
16292,4,F,6
16302,3,F,1
16329,3,M,1
16344,6,F,6
16357,7,M,2
16388,3,F,2
16404,5,F,3
16405,4,M,6
16419,3,M,6
16423,2,F,3
16428,5,M,3
16437,3,F,3
16460,6,F,1
16471,4,F,6
16474,3,F,2
16495,3,F,5
16504,6,F,4
16539,3,F,5
16549,3,F,3
16585,3,F,6
16588,5,F,6
16593,7,F,4
16599,3,F,5
16603,5,F,6
16609,3,F,3
16618,3,F,2
16636,4,M,6
16639,4,F,5
16640,3,F,5
16643,6,F,2
16655,3,F,6
16657,5,M,5
16663,5,F,2
16669,4,F,4
16670,3,F,2
16676,5,M,2
16679,5,M,2
16687,3,F,1
16707,5,F,6
16732,4,F,6
16736,3,F,3
16748,4,F,5
16757,5,F,5
16763,4,M,6
16765,3,F,2
16767,5,F,2
16778,6,F,6
16782,3,F,6
16795,2,F,6
16798,7,F,6
16800,5,F,2
16807,3,F,2
16808,3,F,6
16809,3,F,3
16817,3,F,1
16818,3,F,6
16821,4,F,2
16825,4,F,6
16864,6,F,6
16894,4,M,3
16903,4,F,3
16911,3,F,6
16917,3,M,1
16928,5,F,3
16935,4,M,2
16940,3,F,2
16943,8,M,4
16944,5,F,6
16955,8,F,3
16966,4,F,6
16981,3,F,2
16982,5,F,6
16997,5,F,5
17017,4,F,3
17044,6,F,6
17051,4,F,1
17064,4,F,2
17066,4,F,6
17076,5,F,6
17082,4,F,3
17109,3,F,2
17114,3,F,1
17117,3,F,5
17123,4,F,6
17138,4,F,2
17158,3,F,1
17160,5,F,5
17168,5,F,1
17199,5,M,6
17212,7,M,6
17217,3,M,6
17219,5,F,5
17236,,,3
17238,7,F,2
17239,4,F,4
17252,3,F,4
17259,3,F,5
17267,5,F,5
17286,4,F,6
17306,4,F,1
17307,4,F,6
17308,3,F,5
17326,6,M,6
17330,4,F,3
17339,5,F,3
17350,7,F,3
17354,2,M,5
17358,2,F,2
17359,2,F,6
17369,5,F,6
17388,5,M,2
17390,7,F,5
17395,3,F,3
17398,2,F,6
17399,4,F,4
17406,6,F,2
17407,3,F,2
17412,3,F,5
17423,4,F,6
17433,4,F,6
17485,5,M,5
17489,5,M,5
17495,3,F,3
17498,4,F,6
17515,2,F,1
17518,4,F,6
17521,7,F,2
17529,5,F,5
17531,3,M,6
17557,5,F,6
17570,5,F,6
17571,4,F,2
17583,7,M,6
17590,7,F,6
17602,4,F,2
17605,6,F,5
17630,4,M,3
17644,2,F,3
17655,6,M,3
17665,3,F,2
17667,4,F,2
17682,4,F,3
17693,6,F,4
17701,7,M,1
17707,4,F,3
17723,2,M,4
17727,3,F,1
17736,2,M,2
17741,4,F,1
17743,3,F,6
17758,6,F,3
17760,6,F,1
17766,4,F,6
17772,7,M,6
17775,4,F,5
17795,3,F,5
17809,3,F,3
17812,7,F,2
17821,4,F,6
17827,5,F,1
17829,5,M,6
17837,4,F,2
17840,3,F,4
17843,2,F,6
17847,6,M,4
17850,4,F,6
17871,5,F,3
17876,6,F,2
17878,4,F,6
17883,2,F,2
17891,3,F,6
17914,6,F,6
17919,4,F,2
17927,4,F,6
17930,4,F,6
17934,5,F,1
17941,3,F,3
17983,3,F,3
17984,5,F,6
17995,5,F,5
18003,6,F,5
18009,2,F,2
18014,8,F,6
18030,4,M,3
18064,3,F,1
18067,3,F,3
18073,6,M,1
18085,5,F,2
18094,5,F,5
18105,5,F,3
18113,4,F,6
18116,3,F,1
18117,3,F,2
18125,4,F,3
18143,3,F,1
18149,6,F,6
18154,6,M,3
18157,4,F,1
18184,4,F,1
18187,6,F,6
18196,3,F,3
18202,4,F,6
18205,3,F,6
18225,2,F,2
18226,7,F,5
18227,4,F,2
18243,4,F,6
18246,2,F,2
18271,3,F,3
18277,3,M,1
18279,2,F,6
18282,5,F,3
18293,3,M,6
18305,3,F,1
18309,4,F,2
18336,4,F,4
18339,2,M,6
18348,5,M,6
18349,4,F,4
18356,3,F,3
18376,4,F,4
18384,6,F,6
18394,4,F,2
18395,3,F,5
18409,5,F,2
18416,4,F,5
18429,4,F,2
18439,7,F,3
18461,4,F,6
18467,3,F,5
18477,2,M,6
18480,2,F,3
18484,2,F,3
18500,3,F,6
18501,2,F,2
18524,4,F,4
18525,7,M,4
18536,7,F,6
18571,2,M,3
18579,7,F,2
18596,3,F,6
18600,7,M,6
18611,4,F,1
18637,5,F,6
18638,6,F,1
18652,8,F,3
18655,3,F,6
18657,8,F,4
18672,4,M,2
18674,4,F,6
18676,7,F,6
18700,5,F,1
18717,2,F,3
18727,7,M,6
18734,7,F,5
18756,4,M,5
18761,7,F,3
18777,3,F,1
18787,4,M,3
18796,2,F,3
18800,4,F,2
18804,5,F,3
18805,3,M,6
18812,6,F,1
18814,6,F,3
18818,2,F,2
18824,2,F,5
18832,4,F,2
18839,3,F,6
18870,2,F,3
18880,3,F,5
18882,5,F,6
18890,6,F,6
18893,4,M,4
18917,4,F,2
18923,6,F,5
18936,2,F,3
18937,4,F,2
18945,4,F,2
18952,8,F,6
18955,4,F,4
18959,4,F,2
18961,3,F,6
18962,4,F,1
18983,4,M,5
19011,3,F,2
19012,7,F,6
19018,5,F,3
19020,3,M,2
19023,7,F,6
19031,3,F,6
19039,7,M,5
19049,5,F,3
19063,6,M,6
19064,7,F,5
19069,2,M,5
19071,3,F,2
19103,5,F,4
19105,6,F,6
19117,3,F,6
19122,7,F,6
19125,3,F,2
19132,5,F,2
19134,4,F,6
19135,3,F,5
19137,4,M,3
19151,3,F,3
19163,6,M,6
19165,5,M,6
19166,7,F,3
19170,7,M,3
19181,4,F,1
19183,5,M,2
19205,2,F,4
19210,4,F,5
19215,2,F,2
19221,3,M,3
19223,2,F,2
19234,3,F,6
19236,4,F,2
19237,8,F,2
19240,6,F,4
19249,2,F,2
19259,5,M,1
19268,3,F,6
19272,2,F,2
19278,6,F,6
19284,3,F,1
19298,2,F,1
19306,7,F,6
19308,2,F,6
19312,5,M,6
19348,5,F,6
19360,2,F,1
19375,6,F,6
19382,8,F,1
19386,2,M,5
19390,6,F,6
19412,7,F,6
19417,7,M,4
19419,7,F,6
19433,4,F,1
19441,5,F,2
19445,5,F,3
19475,3,F,5
19477,5,F,3
19501,2,F,2
19508,8,M,2
19513,4,F,2
19515,2,M,1
19538,3,F,3
19555,4,F,2
19560,4,F,3
19561,5,F,2
19570,4,F,6
19571,3,F,6
19576,3,F,6
19611,2,F,4
19616,2,F,6
19630,3,F,2
19643,2,M,6
19654,2,F,1
19656,3,F,3
19668,2,F,1
19670,2,M,5
19672,4,F,6
19675,4,M,1
19679,2,M,5
19685,4,F,4
19710,7,F,6
19727,3,F,2
19757,7,M,6
19767,4,F,1
19768,6,F,2
19770,4,M,2
19774,2,F,6
19780,5,F,6
19785,3,F,6
19790,4,F,2
19793,6,F,5
19848,3,F,5
19851,2,F,2
19855,4,F,1
19859,8,F,1
19884,7,F,2
19895,7,M,3
19917,2,F,3
19920,3,F,6
19947,7,M,6
19968,8,F,6
19969,3,F,6
19989,2,F,6
19990,3,F,4
20002,3,F,3
20016,2,F,1
20018,2,F,1
20029,4,M,3
20035,3,M,4
20042,3,F,2
20043,4,F,5
20049,4,F,3
20056,1,F,2
20058,4,F,4
20071,2,F,2
20073,4,F,6
20077,7,F,3
20080,3,F,1
20082,3,F,3
20087,4,F,1
20091,6,F,1
20100,7,F,3
20102,8,M,5
20107,3,F,3
20151,6,F,2
20155,5,M,3
20163,3,F,3
20217,3,F,4
20248,3,F,2
20249,2,M,6
20264,6,F,5
20276,7,F,6
20279,7,M,6
20281,5,F,6
20299,2,F,3
20318,4,F,6
20324,3,F,2
20331,4,F,1
20346,3,F,6
20366,2,F,6
20373,2,M,2
20376,3,F,2
20380,3,M,3
20400,6,F,6
20407,6,M,6
20408,3,F,6
20410,6,F,3
20425,7,F,2
20432,3,F,3
20469,3,F,4
20490,1,M,5
20494,4,M,6
20502,5,F,3
20503,3,F,6
20535,8,M,5
20550,5,F,3
20551,7,F,3
20554,3,F,3
20561,5,M,6
20567,4,F,4
20572,2,F,2
20578,3,F,2
20598,5,F,2
20603,5,F,3
20611,2,F,5
20612,4,F,5
20613,3,M,6
20626,7,F,6
20628,3,F,1
20635,3,M,4
20662,2,F,2
20663,6,F,4
20669,4,M,3
20671,3,F,2
20676,3,F,2
20680,3,F,6
20689,5,M,6
20693,3,F,2
20729,3,F,1
20741,5,M,1
20764,3,F,3
20768,3,F,1
20772,6,M,2
20789,3,F,3
20802,4,F,3
20805,3,M,3
20809,6,M,3
20813,3,F,1
20820,3,F,5
20822,2,F,3
20839,2,F,2
20851,6,M,6
20853,2,M,3
20870,3,F,6
20884,5,F,3
20892,2,F,2
20919,7,F,3
20922,7,F,5
20927,2,F,1
20939,3,F,2
20940,7,F,5
20945,3,F,6
20947,2,M,5
20954,3,F,2
20958,5,F,6
20962,4,F,3
20963,3,F,3
20969,2,M,2
20976,2,F,5
20983,2,M,6
20989,3,F,1
20998,3,F,2
21007,3,F,5
21008,7,F,1
21009,6,F,6
21021,3,F,5
21031,3,F,5
21045,7,M,6
21051,3,F,6
21063,5,M,2
21069,2,F,5
21094,4,F,2
21120,5,F,2
21128,5,F,2
21129,4,F,5
21142,7,M,3
21153,3,F,5
21162,3,F,2
21164,4,F,3
21187,3,F,6
21212,5,F,5
21222,6,F,1
21223,5,F,6
21247,2,F,2
21262,5,F,2
21266,5,F,3
21283,3,F,6
21292,3,F,6
21295,7,M,3
21298,3,F,5
21305,6,F,6
21315,2,F,2
21330,3,F,6
21338,6,F,4
21345,7,F,6
21359,4,F,2
21372,3,M,6
21383,4,M,6
21384,5,M,3
21385,3,F,3
21387,6,F,6
21392,2,F,2
21421,2,F,3
21454,2,F,1
21457,2,F,3
21461,2,F,4
21473,4,F,6
21477,7,F,2
21479,4,M,1
21486,5,F,6
21506,3,F,1
21507,5,F,5
21517,2,M,6
21519,6,F,2
21520,7,F,6
21540,5,F,5
21546,8,F,5
21615,5,F,5
21617,5,F,6
21623,5,F,2
21636,3,F,6
21653,7,F,2
21663,4,F,5
21667,5,M,4
21670,2,F,2
21681,3,F,2
21698,2,F,6
21703,4,F,5
21706,3,F,2
21720,1,F,6
21725,5,F,3
21726,5,F,1
21731,4,F,6
21732,4,F,2
21739,2,F,4
21750,5,F,6
21753,5,F,3
21778,2,F,3
21788,4,F,3
21795,5,F,6
21804,6,F,5
21832,4,F,5
21838,3,F,1
21853,1,F,6
21856,4,F,3
21860,3,F,5
21861,7,F,4
21871,3,F,2
21883,3,F,2
21887,7,M,6
21899,4,F,2
21912,5,F,6
21927,5,M,6
21932,2,F,4
21933,4,F,1
21976,8,F,3
21979,5,F,6
21996,1,F,6
21999,3,F,5
22025,4,F,2
22038,7,F,3
22042,7,F,1
22051,7,M,3
22070,3,F,1
22071,6,M,4
22074,4,F,2
22085,4,F,6
22105,2,F,6
22117,3,F,6
22121,8,M,1
22126,7,F,1
22132,7,F,5
22142,5,M,6
22171,7,F,2
22202,5,F,3
22214,3,F,4
22220,3,F,6
22238,7,F,2
22244,7,F,3
22249,4,M,6
22259,6,M,5
22265,7,M,6
22269,5,F,2
22270,5,F,6
22274,5,M,6
22276,7,F,6
22281,3,F,1
22293,6,F,6
22299,4,F,5
22309,4,F,2
22329,2,F,3
22335,3,M,2
22341,3,F,2
22358,3,M,2
22367,5,F,4
22375,2,F,4
22388,5,F,6
22423,5,M,2
22424,6,F,2
22458,2,F,2
22463,3,F,6
22480,4,F,6
22499,7,F,2
22502,2,F,2
22524,7,M,6
22532,2,F,5
22544,4,F,3
22557,3,F,4
22563,4,F,1
22571,7,F,5
22574,6,F,3
22576,4,F,3
22577,3,F,5
22602,7,F,6
22618,2,F,6
22634,4,F,6
22635,2,F,2
22664,2,F,2
22665,7,F,2
22686,5,F,1
22702,7,F,4
22717,5,F,2
22724,2,F,3
22726,8,M,1
22728,5,F,6
22753,6,F,5
22776,5,F,2
22777,5,F,2
22779,5,F,2
22781,5,M,3
22784,7,M,3
22787,2,F,6
22790,8,F,5
22812,7,F,2
22813,1,F,2
22831,2,M,2
22894,5,F,2
22900,6,M,6
22910,8,M,3
22919,5,F,2
22938,7,F,3
22943,4,F,2
22955,6,F,6
22962,2,F,1
22983,2,M,3
22995,3,F,6
22999,3,F,3
23021,2,F,5
23043,7,F,6
23046,2,F,6
23057,2,F,6
23072,4,M,2
23096,7,M,6
23114,6,F,5
23139,3,M,1
23199,5,F,2
23207,3,F,6
23217,4,F,2
23241,2,F,5
23260,5,F,
23292,6,F,6
23306,7,M,6
23319,4,M,4
23359,2,F,3
23364,4,F,6
23368,4,F,1
23385,4,F,6
23389,5,F,6
23396,5,F,6
23431,1,F,6
23436,4,F,3
23437,3,F,6
23440,4,F,6
23443,3,M,1
23448,7,F,2
23468,5,M,6
23476,2,F,3
23488,6,F,1
23491,4,F,4
23512,7,M,6
23522,2,F,5
23538,2,F,6
23544,2,F,1
23548,2,F,2
23552,4,M,5
23554,1,F,6
23556,3,M,6
23561,1,F,5
23571,2,M,5
23601,2,M,2
23608,7,F,3
23611,8,F,4
23616,3,M,1
23623,7,F,2
23628,5,F,6
23647,4,F,2
23663,7,M,1
23666,4,F,6
23694,2,F,3
23700,7,M,2
23707,4,F,3
23726,4,F,2
23742,4,F,6
23756,5,F,5
23757,,,6
23760,3,F,4
23767,5,F,2
23776,5,F,5
23800,2,F,4
23811,3,F,4
23815,7,M,3
23819,5,M,4
23827,2,F,5
23855,5,M,2
23874,2,F,2
23881,6,F,3
23893,4,F,2
23908,4,F,6
23921,7,F,2
23923,5,F,6
23930,,,4
23943,2,F,4
23965,6,M,2
23968,4,F,2
24001,3,F,4
24011,7,F,6
24015,7,F,3
24016,6,F,6
24017,5,F,3
24020,5,F,3
24039,5,F,6
24044,6,F,1
24049,5,F,2
24053,2,F,5
24061,6,F,3
24082,5,F,3
24109,2,F,6
24117,6,F,4
24121,7,F,2
24137,5,M,6
24141,2,F,5
24155,3,F,3
24165,3,F,3
24176,7,F,6
24203,8,M,2
24235,5,F,6
24240,4,F,5
24243,4,F,2
24256,4,M,3
24260,2,F,1
24266,3,M,6
24270,2,F,2
24279,2,F,5
24284,7,F,5
24303,2,F,2
24327,2,F,2
24330,4,F,6
24331,4,F,3
24363,5,F,2
24367,4,M,5
24382,2,F,2
24391,5,M,6
24429,5,F,6
24432,7,F,2
24442,3,F,3
24443,3,F,3
24447,7,M,5
24459,2,F,2
24473,6,M,6
24482,4,F,6
24484,3,F,6
24531,3,F,5
24544,2,F,3
24561,2,F,6
24564,4,M,6
24577,2,F,5
24588,2,F,5
24599,4,F,5
24613,3,F,6
24621,5,M,6
24626,4,M,6
24643,7,F,6
24646,5,F,2
24669,3,F,5
24671,3,F,6
24681,6,M,6
24688,2,F,3
24701,7,F,2
24711,2,F,5
24751,6,M,6
24753,7,F,6
24764,7,F,6
24773,3,F,6
24777,5,F,6
24778,5,F,6
24780,1,F,6
24782,8,M,2
24789,2,F,2
24792,7,F,2
24809,7,F,2
24818,2,F,3
24830,5,M,4
24851,2,F,2
24898,2,F,4
24899,5,F,6
24901,2,F,3
24916,4,F,2
24917,6,F,5
24952,7,F,3
24953,3,F,2
24956,7,F,4
24971,7,F,2
24988,8,F,2
24991,6,M,6
24999,2,M,6
25001,3,F,3
25018,7,F,3
25022,4,F,2
25023,8,F,4
25028,3,F,4
25029,2,F,4
25043,5,M,1
25057,1,M,6
25059,2,M,6
25080,2,F,2
25084,2,F,1
25095,3,F,3
25101,5,F,3
25102,2,F,5
25111,2,F,2
25112,4,M,5
25155,5,F,6
25156,7,F,3
25166,3,F,6
25168,3,F,6
25187,7,F,3
25217,,,6
25228,2,M,6
25233,2,F,6
25247,8,M,1
25252,2,F,2
25269,2,F,5
25271,2,F,2
25283,7,F,2
25286,5,F,5
25320,3,F,6
25330,2,F,5
25340,6,F,5
25347,2,M,6
25353,3,F,3
25358,3,M,2
25359,5,F,6
25360,3,F,1
25364,2,F,4
25396,3,F,3
25402,2,F,2
25405,4,M,3
25406,2,M,2
25416,3,F,2
25418,3,F,2
25429,4,M,5
25438,5,F,5
25439,3,F,5
25440,2,M,2
25452,6,F,6
25469,2,F,4
25472,2,F,4
25477,2,F,6
25535,6,F,1
25541,3,M,6
25543,3,F,3
25554,7,M,2
25558,4,M,6
25569,8,F,5
25576,4,F,6
25577,3,F,3
25594,5,M,1
25600,4,F,6
25601,3,F,6
25606,6,M,2
25607,2,F,5
25611,5,F,6
25612,6,F,3
25616,4,F,3
25620,7,M,6
25625,3,F,4
25652,6,M,3
25654,7,F,3
25659,1,F,5
25664,2,F,6
25683,2,F,2
25704,6,F,2
25719,4,F,3
25723,1,F,6
25729,7,M,6
25731,3,F,6
25745,2,F,1
25747,2,F,5
25754,3,F,4
25787,4,F,3
25790,3,F,2
25791,3,F,2
25799,7,F,6
25809,4,F,6
25810,8,F,6
25833,8,F,6
25837,6,F,6
25839,1,F,3
25856,3,M,6
25859,2,F,2
25863,2,F,6
25864,4,M,6
25878,5,F,6
25882,7,M,6
25886,3,F,3
25888,6,F,6
25899,4,F,3
25918,5,F,3
25929,6,M,3
25935,5,F,6
25955,4,F,2
25956,4,M,2
25959,3,F,3
25975,3,F,2
25982,2,F,5
25985,4,F,2
25994,2,F,3
25998,7,F,4
26023,6,F,2
26028,2,M,5
26039,2,F,4
26040,2,F,2
26044,2,F,6
26050,6,F,1
26056,5,F,3
26065,4,F,5
26066,7,F,6
26067,1,F,2
26106,1,F,6
26108,4,F,1
26120,7,F,1
26125,4,F,1
26127,7,F,6
26131,2,M,3
26133,3,F,3
26138,2,F,2
26142,6,F,5
26145,2,M,4
26153,5,F,2
26158,7,F,3
26159,2,F,5
26177,3,F,3
26193,2,F,5
26199,2,M,5
26256,6,F,1
26309,7,M,6
26318,6,F,6
26330,2,M,3
26342,3,F,1
26354,2,F,1
26355,6,F,6
26381,2,F,
26401,5,F,6
26416,1,M,4
26426,5,F,6
26440,5,F,1
26446,7,F,6
26477,6,F,2
26478,7,F,6
26491,5,F,1
26494,2,F,4
26497,2,F,6
26499,7,F,5
26504,2,F,6
26520,1,F,6
26532,1,F,6
26539,7,M,6
26542,3,M,6
26544,7,F,6
26600,4,M,6
26604,2,F,2
26609,1,F,6
26616,8,M,2
26622,7,F,2
26651,2,M,5
26668,7,M,4
26670,8,M,5
26672,6,F,6
26674,8,F,1
26695,1,F,6
26699,3,F,2
26700,2,F,1
26709,7,F,6
26713,7,F,2
26721,2,F,2
26744,2,M,5
26750,2,F,1
26755,8,F,1
26773,2,M,3
26775,6,F,6
26782,4,F,6
26855,5,F,6
26892,6,M,6
26896,5,F,2
26903,6,F,6
26915,6,M,4
26925,4,F,5
26943,7,F,6
26964,7,F,6
26981,2,M,6
26982,4,F,6
26985,8,F,1
26997,2,F,2
27003,,,3
27004,8,F,3
27019,8,F,3
27038,8,F,3
27042,4,F,2
27065,8,F,5
27083,2,F,2
27090,8,F,1
27106,4,M,5
27112,3,F,3
27113,6,F,6
27151,2,F,5
27176,6,F,6
27191,3,F,6
27199,5,F,2
27205,8,F,6
27224,2,F,3
27260,3,F,3
27262,8,F,3
27304,5,M,1
27321,2,F,2
27325,2,F,6
27328,2,F,1
27359,7,M,4
27360,3,F,3
27364,2,F,3
27370,1,F,3
27380,4,F,2
27385,4,F,6
27403,5,F,5
27416,5,F,1
27462,5,F,2
27469,2,F,6
27479,2,F,4
27487,3,F,6
27496,5,M,3
27497,2,F,2
27512,2,M,6
27518,5,F,6
27568,5,F,4
27572,2,F,1
27579,3,F,2
27598,2,F,6
27604,6,F,6
27606,4,F,4
27626,1,F,2
27632,3,F,1
27658,4,F,5
27663,3,F,2
27684,4,F,6
27692,8,F,2
27718,4,F,5
27747,2,F,2
27749,7,F,6
27754,6,F,4
27756,2,F,1
27760,7,M,6
27763,3,F,2
27772,4,F,2
27774,2,M,6
27777,5,F,6
27779,2,F,4
27795,8,F,2
27799,2,M,4
27817,3,F,1
27823,7,M,4
27827,2,M,4
27833,7,F,2
27845,5,M,1
27859,6,M,6
27879,1,F,2
27880,4,F,3
27894,2,F,2
27896,1,M,6
27903,2,F,2
27905,2,F,6
27907,2,M,6
27913,6,F,6
27916,2,F,2
27937,5,F,2
27947,3,F,3
27981,2,F,4
27985,7,F,6
27994,7,F,4
28001,3,F,1
28006,7,M,6
28051,2,F,6
28067,7,F,5
28069,2,F,3
28079,8,F,5
28100,6,F,3
28111,2,M,1
28117,8,F,1
28120,2,F,3
28146,2,F,2
28165,2,F,1
28170,3,F,4
28174,2,F,5
28175,7,F,2
28195,5,F,6
28214,5,F,2
28219,2,F,2
28224,2,F,2
28238,2,F,2
28296,3,F,3
28305,4,M,3
28308,3,F,1
28310,5,F,6
28313,2,F,5
28317,2,F,2
28322,6,F,3
28334,7,M,6
28371,5,F,3
28378,1,F,3
28380,,,6
28385,2,F,6
28389,6,F,
28390,2,M,1
28395,7,F,3
28403,1,F,1
28411,1,F,3
28424,2,F,5
28433,7,M,5
28458,2,F,4
28461,4,M,4
28465,5,F,6
28473,2,F,5
28477,7,F,3
28504,7,F,6
28507,2,F,2
28508,6,F,5
28511,4,F,6
28538,2,F,5
28540,2,F,3
28549,4,M,3
28550,1,M,2
28558,7,F,4
28571,1,F,6
28573,2,F,3
28578,2,F,3
28581,2,F,2
28586,2,F,4
28597,5,F,3
28601,5,F,6
28603,6,F,2
28611,7,F,5
28624,3,F,6
28631,8,F,5
28633,2,F,3
28639,2,F,5
28647,7,F,3
28663,7,M,2
28668,5,F,6
28672,1,F,6
28675,2,F,2
28676,5,F,2
28688,,,2
28717,2,F,5
28729,2,F,2
28759,7,F,2
28768,2,F,5
28772,7,M,2
28776,6,F,6
28781,,,2
28785,7,M,1
28798,2,F,4
28815,2,F,4
28823,2,F,6
28826,1,M,1
28828,2,F,6
28844,4,M,1
28850,3,F,6
28855,5,F,6
28857,5,F,2
28863,7,F,2
28903,2,F,6
28905,7,M,3
28908,7,F,2
28914,2,F,2
28956,8,M,3
28960,2,F,4
28967,2,F,6
28995,2,F,2
28997,1,M,6
29009,5,F,2
29036,2,F,3
29037,6,M,5
29052,2,F,5
29060,8,M,2
29068,2,M,3
29071,7,M,6
29079,1,F,5
29085,3,M,6
29112,1,F,6
29116,8,F,4
29129,2,F,2
29150,2,F,3
29153,2,F,2
29165,4,F,5
29168,5,F,3
29174,2,F,4
29184,3,F,4
29214,5,M,4
29220,,,1
29223,2,F,2
29224,1,F,2
29228,3,M,3
29229,2,M,2
29230,3,F,3
29234,2,F,5
29242,2,F,1
29261,5,F,6
29274,6,F,3
29276,6,F,5
29277,2,F,4
29287,2,F,2
29295,5,F,5
29329,5,F,2
29330,6,F,6
29335,5,F,6
29336,2,F,3
29349,2,F,2
29355,2,F,5
29357,7,M,6
29362,4,F,3
29375,5,F,2
29376,2,M,6
29380,5,M,2
29384,5,M,6
29398,3,F,3
29414,7,F,1
29444,1,F,3
29466,3,F,2
29473,4,F,3
29493,5,F,6
29494,7,F,6
29496,5,F,3
29504,2,F,2
29508,7,F,5
29514,8,F,5
29528,7,F,6
29541,1,F,3
29564,6,F,3
29567,5,M,4
29575,7,M,2
29593,1,M,6
29611,6,F,6
29614,2,F,2
29619,5,F,6
29620,2,F,6
29626,5,F,3
29641,5,F,4
29651,2,F,2
29665,2,F,3
29672,4,F,1
29699,6,F,5
29716,2,F,6
29717,7,F,3
29737,4,F,6
29740,5,F,6
29743,2,F,3
29747,2,F,2
29750,6,F,3
29751,5,M,1
29753,5,F,6
29763,2,M,3
29778,2,F,2
29780,6,M,2
29788,6,F,5
29791,1,F,6
29792,2,F,4
29805,1,F,2
29813,3,F,5
29820,8,F,6
29821,8,F,6
29831,7,M,6
29832,2,F,6
29833,5,F,6
29836,2,F,5
29854,7,F,6
29860,4,F,6
29900,7,F,6
29922,4,F,2
29928,5,F,4
29930,5,F,4
29931,2,F,2
29936,7,F,4
29938,4,F,6
29939,8,F,5
29959,6,F,2
29966,2,F,3
29991,2,F,5
29993,4,F,6
30025,8,M,2
30073,2,F,1
30081,6,F,6
30089,8,F,5
30094,8,F,6
30113,6,F,1
30118,6,M,6
30127,7,F,4
30136,8,F,6
30158,8,F,6
30182,8,F,3
30208,4,M,2
30235,6,F,3
30242,8,F,1
30248,5,F,2
30255,2,F,2
30264,4,F,1
30275,8,M,6
30284,2,F,4
30308,2,F,3
30310,7,F,6
30314,5,F,6
30320,5,F,3
30330,7,F,3
30338,4,F,6
30364,7,M,6
30367,4,F,6
30388,2,F,2
30389,7,F,3
30394,5,F,2
30397,7,F,6
30400,2,F,6
30429,7,F,2
30431,4,F,2
30434,8,M,6
30437,5,F,1
30451,3,F,6
30462,5,F,2
30478,2,F,6
30486,4,F,6
30493,4,F,5
30495,8,M,6
30504,7,M,2
30510,8,F,3
30514,8,M,4
30517,6,F,5
30519,7,F,2
30520,2,M,3
30523,5,F,3
30533,7,F,1
30539,5,M,3
30552,7,F,2
30554,6,F,2
30559,6,M,5
30566,2,M,3
30567,8,M,5
30571,2,F,2
30575,8,M,2
30576,4,F,6
30642,7,M,5
30661,4,F,6
30683,8,M,2
30688,2,F,5
30700,2,M,5
30703,2,F,5
30717,1,M,5
30749,2,F,2
30752,7,F,6
30766,4,F,
30781,3,M,3
30790,7,F,6
30821,2,F,3
30833,6,F,6
30847,6,M,2
30850,1,F,3
30854,5,F,6
30855,4,F,6
30888,5,F,2
30890,2,M,5
30894,4,M,2
30899,7,F,4
30922,2,F,1
30935,3,F,2
30945,4,F,3
30949,8,F,2
30963,7,F,6
30966,1,F,3
30969,7,F,6
30976,7,F,6
30988,2,F,4
30990,2,M,2
30994,6,F,1
31016,2,F,6
31026,5,F,1
31033,5,F,5
31042,8,F,2
31051,3,F,4
31054,2,F,6
31081,2,M,6
31088,2,F,6
31091,7,F,2
31094,6,F,2
31095,1,F,5
31099,,,2
31100,3,F,6
31115,2,F,2
31152,1,F,6
31153,7,F,2
31165,,,6
31180,7,F,6
31192,5,F,2
31196,3,M,2
31225,5,F,4
31243,2,M,6
31249,6,F,6
31250,2,F,5
31262,6,F,6
31279,,,3
31296,4,F,1
31313,3,F,2
31314,4,F,6
31326,3,M,6
31328,1,M,6
31331,6,F,6
31336,1,M,3
31338,7,F,5
31341,5,F,5
31344,2,F,2
31345,3,F,3
31356,2,F,3
31363,4,M,6
31365,3,F,6
31386,5,F,3
31398,7,F,2
31410,2,F,1
31416,2,M,1
31422,2,F,3
31425,2,F,2
31427,2,M,4
31437,2,F,3
31441,1,M,6
31443,2,F,2
31451,4,F,4
31459,,,3
31472,6,F,6
31473,6,F,2
31478,5,M,5
31511,7,F,6
31522,1,F,3
31523,4,F,6
31530,7,M,5
31533,6,M,6
31541,8,M,6
31542,6,M,6
31544,8,M,6
31551,1,F,6
31561,4,F,6
31563,,,3
31609,4,F,2
31611,3,F,5
31624,4,M,6
31632,8,M,4
31640,3,F,6
31664,7,F,2
31668,7,F,5
31671,2,F,6
31685,2,F,1
31688,4,M,6
31699,8,M,4
31701,2,F,1
31710,2,F,3
31714,5,F,5
31721,4,M,6
31731,2,F,2
31746,7,F,2
31777,1,F,3
31787,5,F,2
31808,2,F,3
31863,3,F,2
31866,2,F,3
31920,,,5
31938,2,F,3
31944,1,F,6
31950,2,F,2
31951,2,F,2
31977,6,F,3
31980,2,F,1
31997,2,M,2
31998,2,F,2
32005,1,F,6
32009,1,F,5
32034,8,F,6
32039,4,F,6
32068,5,F,3
32092,6,F,6
32096,2,F,5
32098,4,F,6
32099,2,F,6
32103,1,M,6
32112,2,F,5
32131,1,M,3
32155,6,F,5
32157,1,F,6
32176,2,M,4
32183,3,F,6
32186,1,F,2
32188,2,M,3
32192,6,F,1
32210,2,F,6
32217,8,M,6
32218,8,M,3
32223,2,F,3
32226,2,F,2
32232,4,F,6
32240,2,F,6
32273,3,M,6
32282,7,F,1
32284,1,F,6
32294,8,M,3
32304,6,F,3
32308,7,F,3
32323,,,6
32347,1,F,6
32353,4,F,1
32364,5,F,3
32371,4,F,5
32373,4,F,6
32375,7,F,3
32391,7,M,3
32416,6,F,5
32444,1,F,2
32445,1,F,6
32449,3,F,5
32459,2,F,6
32472,2,F,1
32480,5,F,6
32501,2,F,2
32508,6,F,4
32534,2,F,3
32552,7,M,3
32557,2,F,3
32600,4,M,6
32613,1,F,2
32631,1,F,
32659,2,F,1
32686,4,M,5
32698,4,F,2
32708,1,F,3
32752,1,F,6
32762,1,F,2
32775,,,2
32778,1,F,5
32781,1,F,6
32782,2,F,2
32791,1,M,4
32801,6,F,6
32835,7,F,6
32838,4,F,6
32847,4,F,6
32855,5,F,4
32863,1,F,6
32879,2,F,5
32883,5,F,2
32884,,,2
32912,2,M,5
32926,1,F,3
32940,,,6
32949,2,F,2
32955,1,F,6
32969,,,6
32974,2,F,6
33016,8,M,2
33017,5,F,6
33038,7,F,5
33043,5,F,6
33052,1,F,1
33056,7,M,6
33062,2,F,6
33065,5,F,4
33070,5,F,3
33089,5,F,4
33099,7,M,4
33178,1,F,6
33190,8,M,3
33192,2,M,4
33198,5,F,2
33211,2,M,6
33216,5,F,6
33225,6,F,4
33242,8,M,3
33255,8,F,3
33264,1,F,6
33269,2,F,6
33296,5,F,6
33343,3,F,4
33349,5,M,6
33362,6,M,6
33367,5,F,5
33375,7,M,6
33389,1,F,2
33390,,,2
33396,4,F,3
33403,7,F,5
33415,1,M,6
33422,6,F,5
33427,5,F,2
33431,8,F,3
33455,5,F,6
33456,1,F,3
33462,6,M,3
33473,2,F,3
33504,6,F,6
33524,1,F,3
33530,7,F,3
33552,2,F,1
33553,2,F,2
33559,5,F,6
33572,1,F,2
33594,5,F,6
33595,8,F,2
33640,2,F,6
33642,1,M,5
33656,2,F,4
33668,2,F,2
33680,8,F,2
33686,2,F,6
33702,,,6
33706,2,F,6
33712,7,M,5
33716,4,F,6
33744,8,M,3
33746,2,F,6
33749,1,M,6
33761,1,F,6
33764,1,F,
33770,7,M,2
33810,,,2
33826,5,F,1
33850,7,M,3
33865,2,F,3
33869,2,F,2
33877,1,F,6
33885,5,F,6
33904,,,2
33975,6,M,2
33991,7,M,3
33992,8,F,4
34020,,,2
34022,4,F,2
34040,1,M,6
34042,1,M,3
34045,3,M,5
34062,8,F,6
34066,,,6
34073,7,F,6
34079,2,F,6
34098,2,F,6
34115,5,M,6
34119,6,F,6
34135,2,F,5
34136,2,F,3
34142,2,F,2
34148,2,F,1
34149,2,M,2
34162,2,F,1
34172,2,F,5
34179,6,F,6
34196,1,F,4
34200,1,F,6
34206,8,M,2
34246,6,M,4
34251,1,F,5
34259,,,4
34270,2,M,5
34271,1,F,6
34278,2,F,6
34284,1,M,3
34285,7,F,6
34287,,,3
34322,,,6
34326,8,F,5
34336,2,F,2
34338,7,F,2
34341,1,F,3
34342,6,F,6
34350,2,F,6
34353,7,F,2
34354,8,F,6
34357,1,F,5
34370,1,F,6
34382,7,F,6
34414,1,F,5
34416,1,F,6
34419,2,F,3
34424,,,2
34430,1,M,6
34451,3,M,6
34459,1,F,2
34477,7,F,2
34492,5,M,2
34495,6,F,1
34525,2,F,4
34543,4,F,6
34551,2,F,2
34567,2,F,5
34591,1,F,6
34598,7,F,2
34599,6,F,2
34626,7,M,6
34657,3,F,3
34658,6,F,2
34659,1,F,2
34665,2,F,2
34670,2,F,2
34680,2,F,4
34700,6,F,3
34703,7,F,6
34707,2,F,2
34708,7,F,2
34722,1,F,6
34735,8,F,6
34740,4,F,1
34807,,,2
34819,2,F,6
34854,,,4
34889,5,M,3
34894,5,F,1
34902,2,F,2
34911,2,F,6
34916,8,F,3
34923,1,F,4
34925,6,M,3
34930,2,F,6
34940,,,3
34958,6,F,6
34964,,,1
34965,1,F,6
34988,1,F,1
35009,7,F,6
35019,6,F,2
35076,1,M,5
35098,1,F,5
35138,4,M,2
35146,1,F,3
35179,4,F,3
35195,,F,3
35201,1,F,4
35214,2,M,1
35226,,,3
35242,,,6
35279,1,M,6
35293,1,F,2
35305,,,4
35306,5,F,6
35316,5,F,3
35346,7,F,5
35351,8,F,6
35363,2,F,3
35384,,,6
10,6,F,1
13,7,M,6
16,6,F,2
18,6,F,1
37,6,M,2
42,6,F,1
45,6,F,2
71,6,F,6
72,7,M,3
76,6,F,2
78,7,F,3
112,7,F,5
114,6,F,4
116,6,M,1
119,7,F,6
127,7,M,1
128,7,F,3
129,5,M,1
132,6,M,1
148,7,M,3
150,5,M,3
158,6,F,2
163,5,M,1
195,7,F,3
205,6,F,2
212,5,M,6
223,6,M,1
226,6,F,1
235,7,F,1
240,6,F,2
265,8,M,6
272,6,M,1
292,6,M,2
298,6,F,6
303,6,M,2
317,5,F,2
324,7,F,4
347,6,M,3
352,5,F,3
363,5,F,4
382,6,F,6
383,6,M,5
384,7,M,1
387,5,F,5
402,6,M,6
406,6,M,6
411,7,F,1
414,7,M,5
419,6,M,2
427,6,F,4
430,6,M,2
441,5,F,1
455,6,F,3
458,7,F,3
463,6,F,1
469,5,M,3
473,6,F,2
498,7,M,1
500,5,F,1
502,6,M,3
506,5,F,1
510,5,F,3
512,6,F,2
528,6,F,2
551,7,M,1
573,6,M,3
588,6,F,5
589,6,F,4
598,6,M,6
612,7,F,1
641,6,F,3
658,7,M,1
675,6,F,1
678,7,F,5
682,7,F,1
713,5,F,2
717,4,M,3
724,5,M,2
733,4,M,4
739,5,M,1
742,5,F,2
756,6,F,4
764,6,F,1
774,5,F,1
781,5,F,6
808,6,F,5
814,7,F,2
816,7,M,1
850,5,M,3
856,6,F,6
865,5,F,2
872,5,M,6
878,8,M,1
889,7,M,3
891,7,M,6
895,5,M,3
904,6,F,1
906,5,F,6
908,5,F,6
909,6,M,2
917,6,M,5
918,7,F,2
922,5,M,2
925,7,M,6
930,5,F,6
950,6,F,1
955,5,F,4
957,7,F,5
959,4,F,2
967,7,M,1
970,6,F,6
989,7,M,2
1012,6,F,3
1015,6,F,2
1054,6,F,2
1065,5,F,2
1109,7,F,6
1132,7,F,2
1140,8,F,2
1150,5,F,1
1152,5,M,2
1175,7,M,1
1176,7,F,2
1182,6,F,5
1189,5,M,6
1191,6,F,1
1206,4,F,2
1219,7,F,2
1220,7,F,3
1222,6,F,3
1227,6,M,6
1228,6,F,3
1230,6,F,6
1237,6,F,6
1248,5,M,6
1252,7,F,1
1262,7,F,5
1264,7,F,6
1266,6,F,3
1275,6,F,1
1303,5,F,3
1310,5,F,1
1314,5,F,3
1322,5,F,2
1329,7,F,6
1335,5,M,6
1340,6,M,1
1359,5,M,6
1363,6,F,2
1375,5,F,1
1381,6,F,3
1393,7,F,1
1397,6,M,6
1407,6,F,6
1412,5,F,3
1418,4,M,1
1423,6,F,2
1434,5,F,3
1461,6,M,6
1471,6,F,6
1473,5,M,1
1488,5,F,1
1495,7,F,2
1496,6,M,1
1508,6,M,3
1511,7,M,5
1512,5,F,1
1515,5,F,6
1521,7,F,1
1526,5,F,3
1529,6,M,4
1535,5,F,5
1538,6,F,5
1540,5,F,2
1548,5,M,6
1556,5,F,3
1563,5,F,1
1564,5,M,1
1579,5,F,1
1609,5,F,1
1668,6,M,3
1703,5,M,6
1712,5,F,3
1714,7,F,3
1717,6,F,2
1724,5,F,4
1725,6,M,5
1731,5,M,2
1738,7,F,4
1742,6,M,5
1747,5,F,1
1760,5,F,1
1765,6,F,6
1767,5,F,2
1772,8,M,3
1796,5,F,2
1804,6,F,3
1816,4,F,1
1836,5,F,1
1872,4,F,3
1878,8,F,6
1886,5,F,1
1897,7,F,4
1902,5,F,4
1915,6,F,2
1923,6,M,1
1937,7,F,6
1943,5,F,4
1966,5,F,2
1978,6,F,2
1981,5,F,6
2004,5,M,3
2008,4,F,1
2013,5,F,3
2036,5,M,2
2049,5,M,6
2050,6,M,4
2057,6,F,2
2058,6,M,2
2072,5,F,2
2073,5,F,3
2074,6,M,2
2076,7,M,2
2124,6,F,2
2128,5,M,5
2130,7,F,3
2132,6,M,3
2133,6,F,3
2137,7,M,5
2139,6,F,1
2141,7,F,2
2142,7,F,1
2145,5,F,4
2157,5,M,5
2179,7,F,1
2180,6,M,3
2185,8,F,2
2195,5,M,2
2209,7,F,2
2230,7,M,2
2242,6,F,4
2284,5,F,6
2287,6,F,2
2294,5,F,2
2303,7,M,3
2311,5,F,1
2343,7,M,3
2349,6,F,3
2355,7,F,6
2376,5,F,5
2382,6,F,6
2384,5,F,4
2401,6,F,4
2405,6,M,3
2412,6,M,3
2425,6,M,1
2426,7,F,1
2427,6,F,2
2444,6,M,2
2456,6,F,6
2460,5,F,3
2463,5,F,3
2468,6,F,3
2476,4,F,5
2485,7,F,6
2495,7,F,4
2523,5,F,2
2531,4,F,3
2534,4,M,2
2550,7,M,5
2557,5,F,4
2562,5,M,5
2572,6,F,2
2586,5,F,6
2591,4,M,2
2601,6,F,4
2607,7,F,3
2609,5,F,6
2610,5,F,2
2611,5,F,3
2629,5,F,3
2660,5,F,3
2672,5,F,4
2684,3,F,6
2704,5,M,5
2705,7,M,6
2717,5,M,3
2718,4,F,2
2724,8,M,1
2741,6,F,6
2761,6,F,2
2774,6,M,4
2781,5,F,3
2802,7,F,6
2809,7,F,2
2825,7,M,6
2829,8,M,3
2850,6,M,4
2874,6,M,2
2894,4,F,1
2940,7,F,5
2943,4,F,2
2951,6,F,5
2971,7,M,2
2986,6,F,2
2996,5,F,2
2999,5,F,5
3003,4,F,1
3008,7,F,6
3012,7,F,5
3036,6,F,6
3053,5,F,4
3106,5,F,1
3131,6,M,2
3143,5,F,6
3145,5,F,3
3147,8,F,5
3151,6,M,1
3199,5,F,2
3200,5,M,4
3214,5,F,3
3234,8,M,5
3252,7,F,6
3266,8,F,3
3270,4,F,3
3272,5,F,3
3278,6,F,2
3290,5,F,6
3294,5,F,4
3296,6,F,2
3297,7,F,3
3318,5,M,2
3339,5,F,6
3344,4,F,1
3350,4,F,2
3356,7,F,4
3358,6,F,3
3365,7,F,6
3368,4,F,2
3374,5,F,3
3384,8,F,2
3385,5,M,1
3391,6,M,2
3392,5,F,1
3415,6,F,5
3417,8,F,2
3418,8,F,3
3427,4,F,6
3430,8,F,6
3431,5,F,2
3455,6,M,2
3477,5,M,1
3486,7,F,3
3499,4,M,3
3500,4,F,6
3512,7,F,4
3527,5,F,1
3548,5,F,3
3551,5,F,5
3565,4,F,3
3570,4,F,2
3572,5,F,6
3610,5,F,2
3617,5,F,6
3618,6,M,5
3625,5,F,5
3626,5,M,2
3632,4,M,2
3652,5,F,5
3653,4,F,3
3658,7,F,1
3666,6,F,6
3686,6,F,2
3701,6,F,3
3706,5,M,6
3711,7,F,2
3714,5,M,3
3728,6,F,3
3732,5,F,2
3734,5,F,3
3747,5,M,6
3756,5,F,6
3759,4,F,
3763,5,F,2
3768,6,M,2
3776,5,F,1
3794,7,F,3
3800,5,F,4
3807,6,F,6
3808,5,F,2
3817,3,F,5
3822,5,F,2
3829,5,M,3
3837,7,M,3
3843,4,F,6
3844,5,M,6
3870,5,F,1
3884,4,F,
3920,6,M,2
3921,5,M,2
3943,7,F,3
3949,5,M,2
3966,4,F,3
3969,7,M,6
3976,8,M,2
3995,6,M,3
4000,5,F,1
4008,5,F,2
4032,8,F,1
4041,5,M,4
4046,5,F,1
4050,5,F,5
4051,5,F,3
4054,5,F,6
4057,4,M,3
4067,5,M,1
4086,7,F,4
4098,6,F,5
4099,5,M,4
4100,5,M,6
4108,6,M,6
4117,5,F,2
4122,5,F,2
4129,5,F,1
4137,5,F,1
4144,4,M,3
4152,4,F,1
4156,5,F,2
4161,7,F,2
4164,6,F,2
4166,3,F,2
4170,5,M,6
4173,5,F,4
4192,6,F,1
4206,5,M,1
4215,4,F,6
4216,4,F,5
4234,6,F,3
4239,8,F,2
4256,7,F,2
4299,5,F,2
4308,5,F,4
4312,8,F,1
4318,5,F,2
4322,5,F,2
4326,6,F,2
4330,7,F,2
4336,7,F,6
4337,4,F,5
4375,5,F,5
4382,5,F,4
4383,5,M,1
4385,4,F,6
4390,4,F,2
4410,6,F,2
4417,4,M,1
4419,4,M,1
4436,4,F,5
4444,4,F,6
4451,5,F,1
4452,5,F,6
4453,8,F,6
4489,4,F,2
4496,5,M,5
4501,5,F,3
4503,7,M,3
4515,5,F,5
4540,5,F,4
4546,5,F,2
4555,4,F,1
4564,4,F,4
4565,4,F,5
4588,5,F,1
4605,4,M,4
4618,7,F,2
4619,5,F,6
4626,5,F,6
4637,4,F,3
4663,5,M,5
4664,5,F,2
4665,5,F,3
4671,5,F,1
4679,4,M,3
4686,5,F,1
4692,5,F,2
4693,5,F,2
4702,7,F,1
4707,5,F,1
4743,4,M,5
4750,4,F,1
4757,7,F,3
4762,4,F,5
4766,8,F,2
4776,5,M,2
4780,7,M,1
4793,5,F,2
4804,6,F,2
4819,5,F,2
4822,5,F,2
4823,5,F,6
4825,6,M,2
4826,5,F,2
4873,6,F,1
4876,7,F,1
4916,5,F,6
4931,5,F,6
4933,4,F,5
4939,4,F,3
4947,7,M,2
4957,4,F,6
4965,4,F,1
4970,7,F,4
4979,5,M,6
4988,6,F,6
5029,4,M,5
5042,7,F,5
5050,7,F,2
5059,5,M,1
5071,5,M,6
5077,7,F,3
5095,8,F,1
5098,8,M,1
5111,5,F,4
5145,5,M,3
5167,4,M,3
5168,4,F,5
5171,3,M,2
5172,5,F,3
5177,4,M,2
5181,5,F,1
5182,5,M,6
5185,4,F,4
5208,4,M,3
5217,7,F,1
5220,3,F,6
5227,6,F,5
5228,4,F,3
5244,4,F,2
5255,4,F,2
5272,5,M,2
5303,6,M,1
5305,4,F,5
5317,4,F,3
5318,7,F,5
5322,6,F,5
5328,4,F,4
5333,8,F,6
5338,5,F,3
5351,6,F,3
5359,7,F,5
5410,5,M,3
5416,8,M,3
5427,6,M,2
5433,5,M,5
5439,7,F,6
5455,4,M,5
5468,7,F,4
5479,7,F,5
5484,6,F,4
5505,5,F,3
5519,7,F,3
5524,5,F,6
5525,7,F,1
5528,5,F,2
5530,7,M,1
5537,4,F,6
5546,6,F,3
5554,4,F,1
5579,5,M,6
5583,5,M,6
5584,5,M,2
5590,5,M,3
5591,5,F,3
5606,6,F,3
5610,7,M,2
5626,5,F,6
5632,5,F,5
5647,5,F,2
5654,4,F,2
5655,5,M,3
5656,5,F,2
5676,5,F,3
5688,5,F,3
5689,5,F,5
5699,5,F,4
5736,5,F,2
5743,6,F,1
5748,5,F,6
5753,6,M,2
5803,4,F,6
5805,5,F,3
5821,4,F,6
5824,5,F,1
5839,3,F,6
5840,6,F,3
5842,5,F,5
5849,8,F,4
5851,5,F,1
5866,4,F,2
5873,4,F,1
5876,5,F,3
5881,4,F,5
5894,5,M,4
5906,4,F,4
5950,5,F,2
5951,4,M,2
5954,4,F,3
5957,6,M,6
5968,5,M,3
5972,7,F,2
5992,6,F,6
6026,5,F,5
6037,4,F,6
6041,7,F,1
6085,7,M,6
6100,6,F,6
6104,4,M,1
6114,6,F,6
6124,6,F,1
6131,5,F,3
6157,4,M,4
6164,6,F,1
6177,4,F,6
6188,6,M,1
6200,5,F,5
6229,5,F,1
6254,4,F,6
6268,7,F,3
6288,7,F,6
6296,5,F,6
6298,4,F,6
6332,5,F,3
6361,3,F,4
6373,6,M,5
6386,6,F,2
6389,5,F,1
6395,4,F,4
6399,6,F,2
6412,4,F,1
6413,7,M,4
6429,5,F,2
6439,4,F,2
6443,6,F,2
6459,4,F,1
6475,4,F,5
6481,4,M,3
6485,3,F,1
6514,6,F,3
6518,6,F,3
6529,5,F,2
6555,8,M,3
6588,5,F,2
6590,4,F,2
6600,8,F,5
6603,4,F,2
6616,4,F,5
6636,4,F,4
6649,6,F,3
6671,8,M,4
6694,4,M,3
6695,5,F,1
6697,5,F,3
6702,5,F,3
6707,6,F,1
6718,4,F,3
6719,4,F,2
6720,5,F,6
6726,4,F,1
6727,4,F,1
6740,4,F,2
6747,6,M,3
6752,4,F,2
6758,4,M,1
6797,6,M,6
6806,5,M,6
6810,4,F,2
6811,8,F,3
6819,5,F,5
6824,4,F,3
6847,4,F,2
6858,4,F,4
6878,4,F,6
6887,6,F,6
6906,4,M,6
6910,7,F,3
6915,4,F,5
6932,5,M,6
6937,7,M,2
6950,4,F,1
6952,7,F,1
6955,5,F,3
6985,4,F,4
6990,5,F,5
7014,6,F,5
7027,6,F,4
7033,5,F,5
7038,4,M,2
7039,5,F,1
7043,5,F,6
7046,5,F,1
7055,7,M,5
7058,5,M,2
7066,6,M,2
7083,5,F,4
7085,6,M,5
7087,5,F,2
7096,6,F,6
7099,4,M,3
7112,4,F,5
7113,5,F,3
7125,6,F,6
7131,4,M,3
7133,7,F,5
7169,5,M,5
7175,4,F,3
7184,4,F,3
7202,5,F,5
7214,6,F,3
7223,7,F,5
7226,5,F,1
7228,5,F,3
7240,4,M,4
7249,6,F,3
7255,4,F,5
7262,4,F,2
7274,7,F,5
7275,7,F,5
7276,7,M,6
7283,4,F,5
7300,4,F,6
7306,7,F,4
7308,4,F,2
7372,5,F,6
7375,5,F,2
7382,4,F,4
7385,4,F,2
7387,6,M,3
7396,5,F,6
7399,5,F,2
7416,7,M,6
7417,7,F,4
7441,7,F,2
7449,6,F,2
7451,5,F,5
7453,6,F,2
7455,5,F,6
7456,4,F,4
7469,6,F,1
7482,5,F,5
7483,7,F,2
7486,7,F,2
7496,7,F,4
7497,3,F,2
7500,4,M,6
7506,4,F,6
7542,4,F,1
7569,8,M,1
7570,3,F,3
7597,4,F,4
7600,7,M,4
7602,7,F,1
7608,4,F,5
7613,5,M,5
7615,5,M,1
7636,4,F,2
7640,3,F,1
7641,5,M,6
7645,6,F,6
7648,6,F,2
7655,3,F,1
7669,2,F,2
7679,4,F,1
7681,4,M,4
7696,4,M,6
7707,3,M,3
7715,4,F,6
7716,7,F,6
7740,5,F,6
7751,5,F,3
7754,5,F,3
7789,4,F,6
7823,8,F,4
7824,5,F,5
7825,4,F,5
7827,4,F,2
7874,5,F,5
7915,4,M,2
7916,5,F,6
7942,3,M,5
7945,5,F,2
7949,5,F,2
7950,4,F,3
7954,4,M,6
7963,5,F,5
7964,3,F,6
7973,4,F,5
7974,5,F,2
7977,5,M,2
7986,5,F,6
8000,4,F,1
8002,4,F,6
8005,4,F,6
8016,4,F,3
8019,4,F,5
8040,4,F,6
8059,4,F,1
8067,7,F,3
8071,4,F,3
8072,5,F,2
8094,4,F,1
8096,7,F,3
8109,5,F,5
8167,2,F,5
8180,4,F,5
8191,7,F,2
8195,7,F,4
8218,3,F,1
8221,7,F,6
8236,5,M,2
8258,4,F,5
8267,6,M,2
8277,3,F,1
8280,4,F,2
8281,5,F,3
8287,5,F,5
8290,5,F,6
8324,7,M,1
8333,4,F,4
8357,7,F,2
8362,4,F,3
8386,4,F,6
8387,4,F,6
8389,7,F,2
8390,7,F,1
8395,7,F,5
8438,4,F,4
8445,5,F,2
8455,6,M,6
8464,4,F,2
8488,4,F,4
8489,5,F,6
8490,6,F,5
8502,5,F,1
8505,7,F,3
8514,5,F,6
8520,4,F,6
8527,4,M,5
8530,5,F,4
8533,6,F,3
8562,4,F,3
8565,5,F,5
8566,4,F,6
8574,4,F,2
8584,4,F,6
8600,7,F,4
8631,4,F,6
8635,4,M,5
8637,7,F,3
8654,5,M,1
8706,6,M,3
8718,7,F,6
8719,4,F,1
8754,5,F,3
8759,5,F,2
8781,5,F,3
8804,7,F,3
8816,6,F,3
8819,3,F,2
8826,4,F,2
8853,3,F,2
8867,3,F,3
8888,3,F,5
8895,5,F,2
8898,4,M,1
8913,5,M,5
8917,4,F,1
8926,4,F,5
8933,4,F,4
8938,3,F,2
8956,5,F,6
8970,7,M,3
8980,5,F,1
8983,6,F,3
9000,4,M,6
9001,7,M,6
9007,4,M,5
9044,4,M,3
9046,6,F,2
9059,4,M,1
9062,5,M,1
9083,4,F,2
9091,3,F,2
9106,2,F,3
9110,7,F,3
9114,4,F,4
9117,5,M,3
9129,4,F,2
9140,5,M,6
9148,6,F,5
9154,3,F,3
9163,5,M,6
9175,7,F,6
9180,5,F,5
9190,7,F,3
9195,3,F,3
9198,4,F,3
9202,7,F,4
9210,3,F,1
9211,4,F,1
9214,4,F,2
9226,5,F,3
9228,4,F,6
9235,3,F,3
9257,4,F,5
9259,6,M,2
9268,7,F,6
9283,5,F,5
9286,7,F,1
9290,4,F,3
9329,6,F,3
9333,4,F,3
9340,6,F,2
9346,4,F,2
9377,5,M,1
9389,4,F,6
9399,5,F,5
9411,7,F,3
9442,4,F,4
9445,5,F,3
9451,7,F,2
9467,5,F,4
9500,5,M,3
9509,5,F,1
9519,5,F,2
9523,3,F,2
9527,4,M,1
9585,6,F,3
9589,4,F,2
9592,6,M,6
9593,7,F,3
9596,4,F,1
9632,4,M,1
9635,5,F,6
9648,4,M,2
9653,7,M,6
9662,4,F,2
9668,5,M,6
9670,4,F,6
9672,6,F,6
9673,7,F,6
9674,5,F,2
9683,5,F,6
9685,6,F,3
9694,5,F,3
9708,5,M,3
9712,5,F,6
9738,4,F,6
9745,4,F,3
9750,4,F,6
9754,5,F,2
9766,3,F,1
9771,6,F,3
9796,4,F,3
9804,4,F,5
9818,8,M,3
9821,5,F,1
9823,8,F,2
9838,5,F,6
9850,5,F,2
9871,4,M,1
9893,5,M,6
9905,6,F,4
9907,8,F,2
9933,6,F,6
9949,4,M,3
9953,6,F,6
9959,3,F,2
9972,4,M,3
9977,4,F,6
9984,7,F,2
9997,4,M,1
10006,6,F,2
10016,4,F,1
10017,4,F,4
10036,5,F,3
10038,4,M,2
10040,4,M,5
10042,8,F,2
10051,4,F,3
10057,4,F,5
10058,7,M,4
10070,3,F,6
10074,5,F,2
10088,6,M,
10112,5,F,4
10123,4,F,5
10124,5,F,6
10126,4,F,6
10139,5,M,3
10164,5,M,2
10170,4,M,2
10178,4,M,2
10182,2,F,2
10192,4,F,3
10195,7,F,3
10196,4,F,4
10209,6,F,1
10231,4,F,2
10250,7,M,2
10259,5,F,3
10265,3,F,2
10273,6,M,2
10290,4,F,6
10302,8,F,4
10311,4,F,2
10331,4,F,2
10348,7,F,1
10355,5,F,3
10376,6,F,6
10377,4,F,6
10393,3,F,6
10406,5,F,5
10446,5,F,6
10452,6,F,5
10473,3,F,6
10474,6,F,3
10485,3,M,2
10493,4,F,6
10514,4,F,6
10516,4,F,5
10526,6,F,4
10542,4,F,3
10543,3,F,2
10572,6,F,6
10576,4,F,5
10582,4,F,6
10585,4,F,3
10594,7,F,3
10616,4,F,2
10628,4,F,5
10631,4,F,3
10633,7,F,5
10657,6,F,1
10668,4,M,5
10676,4,F,5
10683,6,F,2
10691,4,F,1
10698,4,F,3
10714,8,F,2
10719,4,F,6
10724,4,F,3
10725,6,F,6
10744,3,F,2
10748,3,F,4
10750,4,M,5
10754,5,M,3
10758,6,M,6
10762,7,F,2
10769,7,M,5
10805,5,F,2
10808,5,F,4
10820,7,F,2
10827,3,F,3
10832,4,F,6
10852,6,F,3
10857,5,F,5
10862,4,F,1
10874,4,F,6
10875,5,F,6
10888,7,M,1
10901,7,M,3
10935,5,M,5
10942,5,F,2
10943,4,F,6
10952,4,M,3
10953,4,F,6
10965,4,F,2
10991,3,F,6
10995,4,F,1
11008,3,F,2
11032,4,F,6
11037,4,F,3
11080,4,F,3
11081,6,F,6
11101,6,F,5
11104,4,F,5
11120,7,F,4
11123,4,F,2
11127,6,F,6
11131,4,F,3
11137,8,F,6
11141,2,F,5
11150,4,F,2
11157,4,F,2
11171,7,F,3
11173,8,F,2
11181,4,F,3
11218,4,F,6
11225,3,F,5
11227,4,F,6
11231,4,M,2
11250,7,F,6
11255,4,F,6
11256,3,F,6
11275,5,F,6
11278,4,F,6
11281,4,F,1
11285,6,F,6
11295,6,F,6
11304,4,F,5
11305,5,F,1
11324,4,M,6
11330,6,F,3
11341,3,M,6
11351,4,F,2
11355,4,F,6
11366,8,M,6
11379,5,F,2
11384,4,F,1
11398,3,F,2
11438,4,F,6
11450,5,F,2
11462,5,F,4
11469,7,F,2
11493,7,F,5
11500,5,F,5
11513,5,F,6
11517,6,F,3
11520,3,F,3
11526,4,F,5
11550,4,F,3
11553,7,M,6
11562,4,F,2
11563,3,F,1
11574,4,F,6
11595,4,F,6
11596,4,F,6
11599,3,F,5
11611,5,M,3
11641,6,M,6
11669,5,M,3
11674,3,M,1
11720,4,F,2
11732,5,F,2
11742,4,F,3
11745,3,F,6
11755,3,M,5
11773,6,M,5
11785,8,F,3
11805,6,F,6
11807,6,F,6
11814,6,M,2
11825,4,F,5
11860,4,F,3
11861,5,F,4
11876,3,M,3
11895,5,F,6
11904,4,F,2
11930,5,M,1
11961,3,F,3
11962,5,F,6
11964,4,M,2
11967,6,F,6
11968,3,F,5
11970,4,F,3
11981,7,F,3
11999,7,M,1
12020,4,F,6
12034,4,F,6
12038,7,M,6
12055,4,F,4
12082,6,F,4
12089,7,M,5
12094,5,M,6
12117,5,M,6
12134,4,F,6
12136,7,F,4
12156,6,M,6
12160,6,F,1
12170,3,F,2
12197,5,M,1
12206,5,M,4
12213,3,F,3
12230,3,F,6
12233,5,F,4
12235,4,F,6
12241,7,F,4
12242,5,M,6
12264,7,F,6
12266,4,F,5
12276,7,M,1
12287,2,M,1
12293,3,F,2
12311,5,F,1
12312,4,M,3
12325,4,F,6
12330,5,F,2
12370,4,F,1
12372,3,F,2
12379,3,F,6
12387,3,F,6
12406,3,F,6
12410,5,F,6
12414,5,F,2
12415,5,F,3
12433,4,F,4
12440,3,M,1
12444,3,F,3
12446,5,M,4
12451,3,F,3
12464,3,M,2
12469,3,F,4
12474,7,F,6
12481,4,F,1
12495,3,M,6
12499,3,F,5
12525,3,F,6
12573,6,F,1
12584,4,M,2
12610,5,F,2
12634,4,F,5
12645,8,F,6
12646,4,F,2
12653,4,F,2
12661,3,F,1
12666,7,F,5
12669,3,F,1
12670,4,F,6
12680,4,F,6
12683,3,F,5
12689,5,F,6
12694,4,F,6
12705,4,F,6
12706,4,F,1
12717,4,M,1
12719,6,M,6
12733,4,M,2
12741,4,M,1
12743,5,F,2
12773,7,M,2
12777,5,F,6
12800,4,F,5
12843,7,F,6
12846,6,F,3
12852,3,F,4
12856,3,F,2
12858,4,F,1
12864,3,M,6
12865,5,F,6
12866,3,F,2
12894,3,F,1
12909,5,F,6
12937,5,F,6
12949,4,M,6
12960,4,F,1
12961,4,F,1
12966,5,F,3
12968,4,F,6
12986,3,F,3
13007,5,F,2
13011,3,M,2
13015,4,F,2
13017,7,F,6
13020,7,F,3
13025,4,F,6
13028,4,F,1
13040,4,F,2
13042,4,F,3
13043,4,F,3
13054,5,F,6
13059,5,F,5
13061,3,M,6
13076,3,M,6
13083,4,F,6
13089,5,F,3
13091,6,F,1
13100,3,F,5
13104,4,F,1
13105,2,F,2
13125,3,F,2
13131,4,F,4
13138,3,F,3
13139,5,F,6
13140,4,F,2
13164,4,F,6
13180,4,F,2
13197,8,F,2
13209,4,F,3
13231,3,F,6
13241,4,F,6
13262,3,F,2
13269,3,F,2
13299,7,F,5
13310,6,F,5
13314,5,M,5
13317,4,F,2
13324,4,F,5
13331,4,M,6
13354,3,F,4
13361,4,F,6
13380,7,F,1
13381,6,F,2
13382,4,F,5
13385,6,F,6
13425,6,F,2
13451,7,F,4
13456,4,F,2
13477,3,F,6
13493,3,M,2
13510,6,M,2
13514,3,F,2
13533,7,F,1
13555,4,F,3
13572,3,F,2
13574,6,M,5
13587,3,F,2
13605,4,M,6
13606,3,F,4
13619,3,F,2
13627,4,M,2
13659,3,F,6
13684,8,M,3
13685,6,F,5
13706,5,M,5
13711,5,F,5
13716,4,M,5
13719,3,F,2
13726,3,F,2
13730,5,F,6
13733,4,M,2
13746,4,F,3
13747,4,M,6
13765,3,F,6
13768,4,M,6
13775,7,F,2
13794,3,M,2
13795,4,F,5
13797,6,F,6
13803,5,F,5
13817,4,F,3
13819,5,F,6
13828,7,F,2
13848,5,F,3
13854,4,F,6
13856,6,F,6
13861,5,F,2
13864,6,F,2
13871,4,F,5
13896,7,F,5
13908,4,M,3
13922,5,F,4
13923,5,F,3
13949,7,F,2
13970,3,F,2
13973,3,F,4
13977,8,M,6
13978,3,M,6
13988,7,F,3
13997,3,F,5
14021,3,F,3
14031,7,M,1
14090,7,F,2
14104,7,F,3
14132,5,M,3
14138,7,M,2
14168,3,F,6
14189,4,F,2
14213,3,F,2
14221,4,M,6
14232,4,M,1
14236,5,F,6
14237,7,M,2
14238,4,M,4
14241,7,F,3
14251,4,F,2
14265,2,F,3
14266,7,F,3
14277,3,F,1
14297,5,M,6
14298,6,M,5
14311,5,F,4
14312,3,F,3
14317,4,F,6
14332,8,F,6
14339,4,F,6
14342,2,F,1
14343,3,F,5
14351,6,F,3
14363,4,F,6
14373,3,F,5
14383,4,F,6
14396,4,F,1
14399,3,F,6
14404,6,F,1
14408,2,F,6
14411,4,F,2
14415,5,F,5
14421,4,F,6
14422,6,F,2
14425,3,F,6
14431,8,M,2
14445,4,F,1
14448,4,M,4
14453,3,F,3
14457,5,F,4
14461,4,F,2
14465,3,F,2
14469,4,M,6
14472,5,F,3
14476,5,M,3
14478,7,M,6
14495,4,F,6
14510,4,F,5
14515,5,F,3
14517,4,F,6
14522,5,F,2
14525,4,F,2
14538,4,F,5
14545,,,2
14546,7,F,3
14561,5,F,6
14564,3,F,4
14565,4,M,6
14567,3,M,2
14570,3,F,6
14632,4,F,2
14652,6,F,5
14665,3,F,3
14667,5,F,2
14677,6,F,3
14681,4,M,2
14692,,,5
14695,4,F,6
14710,2,M,3
14716,3,F,3
14722,6,F,6
14735,3,F,6
14737,3,F,6
14739,6,F,3
14754,5,F,3
14771,3,F,3
14777,4,F,6
14798,5,F,5
14799,3,F,5
14810,4,F,5
14812,3,F,6
14820,6,F,3
14834,4,F,6
14841,4,F,5
14851,3,M,5
14861,3,F,6
14865,5,F,3
14871,5,F,1
14877,3,F,3
14881,6,F,4
14893,3,F,4
14903,2,F,6
14906,5,F,1
14907,4,F,6
14918,5,F,6
14921,8,F,5
14955,4,F,5
14963,5,F,6
14984,4,F,5
14985,3,F,1
15000,8,F,2
15001,5,F,6
15006,6,F,2
15050,7,M,2
15056,4,F,6
15058,3,F,4
15067,3,M,6
15070,3,M,5
15076,7,M,3
15080,4,F,6
15090,3,M,1
15102,5,F,6
15111,6,F,6
15122,5,F,6
15136,3,F,3
15141,5,F,4
15142,7,M,6
15147,2,F,6
15158,5,F,
15172,7,F,4
15188,2,F,5
15202,7,F,2
15231,7,F,5
15238,7,F,6
15266,4,F,2
15267,7,F,6
15289,7,M,2
15296,4,F,1
15302,7,F,1
15305,4,M,3
15311,5,M,3
15330,2,F,3
15338,7,F,6
15347,5,M,1
15352,4,F,5
15353,3,M,2
15355,2,M,5
15372,3,F,2
15375,8,M,6
15377,8,M,6
15379,4,F,2
15382,4,F,5
15389,3,F,4
15390,3,F,2
15396,4,F,2
15399,2,M,3
15403,3,F,2
15410,2,M,5
15415,5,F,4
15417,3,F,5
15422,4,F,6
15448,5,F,3
15461,3,F,6
15477,7,F,5
15497,3,F,2
15499,4,F,3
15504,7,F,6
15518,2,F,1
15521,3,M,6
15523,3,M,6
15559,5,F,3
15573,3,F,6
15577,4,F,2
15586,5,F,6
15593,4,M,3
15605,4,F,5
15609,4,F,2
15623,5,F,6
15626,8,M,2
15647,6,M,6
15657,2,F,2
15666,3,F,3
15674,7,F,6
15691,3,F,2
15697,7,F,1
15698,3,F,1
15703,5,F,6
15712,7,F,5
15714,3,F,2
15718,3,F,6
15734,4,M,6
15737,5,M,1
15757,6,M,5
15759,5,F,6
15786,2,F,1
15793,3,F,3
15803,3,F,2
15808,4,M,6
15810,4,F,2
15811,3,F,4
15812,3,F,3
15828,2,F,4
15862,4,F,1
15863,8,F,2
15868,5,M,6
15877,4,F,5
15891,8,F,2
15895,3,F,5
15896,3,F,2
15904,4,F,4
15929,2,F,2
15933,5,F,6
15941,4,F,3
15977,3,F,5
15985,7,M,6
16015,5,F,2
16041,1,F,2
16043,2,F,5
16079,7,F,3
16101,5,F,3
16104,2,F,4
16114,5,F,5
16124,4,F,5
16130,3,M,2
16133,3,M,2
16142,2,F,6
16164,3,F,5
16165,4,F,6
16169,4,F,2
16172,5,F,2
16173,3,F,6
16191,3,F,6
16207,3,F,6
16210,3,F,2
16214,3,F,2
16229,3,F,4
16232,5,F,5
16241,4,F,6
16266,5,F,6
16279,5,M,1
16284,8,F,1
16306,7,F,
16309,4,F,5
16314,3,F,6
16319,3,M,6
16348,4,F,5
16358,3,F,6
16361,3,F,3
16363,4,F,6
16371,5,M,1
16376,4,F,6
16391,8,M,5
16396,4,F,3
16397,7,F,6
16403,5,F,6
16415,4,F,2
16420,5,F,6
16431,3,F,6
16434,3,F,3
16441,4,F,6
16443,7,M,2
16450,8,F,6
16481,3,F,1
16488,6,F,2
16496,4,M,2
16506,4,F,1
16523,4,F,2
16524,4,F,1
16526,7,F,2
16529,4,F,6
16541,6,F,3
16560,4,F,4
16561,4,F,6
16575,3,F,2
16578,3,F,3
16610,7,F,6
16629,3,F,2
16634,3,F,3
16647,3,F,6
16671,4,F,6
16701,6,F,6
16712,3,F,1
16713,5,F,2
16714,3,M,1
16734,3,F,6
16751,4,M,1
16768,5,M,3
16770,5,F,1
16801,4,F,2
16827,4,F,3
16837,2,F,5
16839,6,F,2
16840,5,F,6
16844,4,F,6
16846,3,F,5
16859,6,M,6
16871,2,M,5
16877,4,F,6
16893,5,F,3
16899,3,F,3
16921,3,M,2
16927,6,M,6
16932,5,F,1
16933,3,F,1
16937,4,M,3
16963,4,F,6
16986,4,F,6
16987,2,F,4
16988,7,F,6
16993,4,F,2
16998,8,F,3
16999,4,F,6
17001,4,F,4
17011,5,M,6
17028,4,F,6
17054,5,F,2
17070,4,F,6
17093,3,F,1
17099,7,M,1
17135,4,M,2
17136,3,F,6
17137,6,F,4
17142,2,F,6
17150,7,F,1
17156,4,F,6
17164,7,F,3
17171,6,F,2
17172,4,F,4
17181,4,M,6
17185,8,F,1
17196,3,F,3
17224,3,F,3
17229,4,F,4
17247,6,F,6
17250,2,F,2
17254,3,F,2
17271,4,M,3
17282,7,F,2
17288,4,M,6
17293,5,F,2
17294,3,F,5
17297,3,F,5
17310,6,F,1
17327,3,F,5
17353,5,F,6
17361,7,F,6
17370,3,F,3
17379,7,F,3
17380,2,M,3
17397,6,F,5
17404,3,M,2
17405,2,F,1
17427,4,F,5
17432,4,F,3
17438,3,M,3
17441,7,F,5
17442,4,F,5
17447,4,F,3
17449,4,F,6
17464,3,F,6
17471,4,F,6
17488,5,F,2
17502,2,F,6
17505,5,F,3
17520,6,F,6
17539,4,F,5
17550,6,F,2
17552,4,F,2
17572,6,F,6
17576,5,F,1
17593,2,F,3
17611,5,F,6
17643,7,M,3
17646,3,F,2
17650,4,F,1
17656,3,M,3
17671,5,M,6
17676,4,F,6
17692,2,F,3
17700,6,F,6
17710,7,F,6
17726,7,M,6
17730,7,F,3
17737,3,F,6
17750,3,M,2
17756,4,F,6
17759,2,M,4
17778,5,M,6
17779,2,M,2
17782,8,F,6
17794,4,F,6
17800,3,F,3
17807,3,M,2
17819,5,F,6
17824,3,F,2
17830,4,F,1
17831,8,F,3
17858,4,F,6
17887,4,F,2
17901,4,F,5
17916,3,F,2
17923,3,M,4
17925,7,M,6
17932,3,F,3
17953,4,F,6
17981,5,F,5
17999,4,M,6
18005,2,F,3
18007,8,M,3
18035,7,F,5
18037,3,F,3
18039,3,F,3
18041,4,F,3
18070,3,F,6
18072,8,M,3
18084,3,F,3
18089,7,F,1
18095,4,F,4
18123,4,M,3
18137,2,F,6
18140,5,M,2
18141,2,F,3
18146,4,F,3
18176,5,F,2
18191,3,F,5
18232,2,F,6
18233,7,M,1
18244,8,M,2
18247,8,F,2
18262,3,F,5
18292,4,F,6
18298,2,F,1
18299,4,F,6
18316,4,F,
18322,6,F,5
18355,3,M,6
18362,5,F,3
18367,4,F,6
18368,4,F,1
18369,4,F,6
18372,4,F,2
18373,3,F,2
18383,6,F,6
18393,3,F,2
18414,2,F,1
18427,4,F,4
18431,2,F,6
18435,3,F,6
18445,7,F,3
18465,5,F,1
18468,3,F,4
18491,5,F,6
18498,5,M,2
18506,6,F,6
18520,4,F,5
18551,4,F,2
18553,6,F,2
18563,2,F,6
18574,7,F,2
18598,4,F,6
18599,2,F,2
18617,2,M,6
18630,5,F,5
18634,4,F,6
18640,6,F,1
18681,6,F,6
18686,4,F,1
18690,5,F,6
18701,2,F,3
18715,7,F,5
18716,5,M,5
18718,2,F,5
18728,3,F,3
18739,6,M,6
18740,7,F,1
18744,2,F,2
18747,4,F,6
18752,6,M,5
18773,7,F,1
18776,3,F,1
18778,5,F,6
18782,7,M,4
18783,5,F,2
18790,3,F,3
18809,3,F,4
18816,4,F,3
18821,3,F,3
18842,3,F,6
18853,4,F,6
18856,3,M,6
18858,6,F,4
18860,5,F,6
18864,5,F,1
18873,4,F,6
18877,5,F,2
18879,6,F,6
18885,3,F,6
18900,2,M,2
18902,4,F,3
18913,4,M,3
18938,3,F,3
18942,4,F,6
18958,4,F,3
18966,5,F,2
18969,7,M,3
18971,2,F,
18976,6,F,6
18982,5,F,3
18989,5,M,6
18995,5,F,3
19003,2,F,6
19004,3,F,6
19015,5,M,2
19017,4,F,3
19035,5,M,3
19037,4,F,5
19042,4,F,1
19048,5,F,6
19052,3,F,5
19055,3,F,2
19056,8,M,4
19057,3,F,3
19060,8,F,3
19061,2,F,5
19067,4,F,2
19073,4,F,6
19078,2,F,5
19087,,,3
19102,2,M,3
19104,2,F,2
19109,4,F,5
19127,4,M,1
19130,8,F,3
19140,2,F,2
19150,3,F,5
19167,3,M,4
19172,6,F,6
19206,2,F,6
19214,4,F,6
19218,4,F,4
19255,7,F,1
19260,4,F,6
19282,5,F,6
19283,4,F,5
19286,8,F,1
19291,2,F,6
19294,4,F,6
19296,4,F,2
19304,4,F,3
19325,3,F,6
19327,5,M,2
19328,6,M,1
19336,6,F,2
19344,3,M,4
19358,7,M,6
19362,3,M,2
19380,4,F,2
19389,5,F,5
19393,7,F,2
19395,5,F,6
19398,5,F,6
19401,4,F,5
19404,5,F,5
19415,3,F,6
19438,7,M,6
19443,5,F,2
19446,2,M,5
19450,6,M,4
19466,5,F,4
19467,7,F,2
19471,,,3
19486,7,F,2
19512,2,F,6
19522,4,F,6
19525,2,F,6
19526,3,F,6
19531,5,M,6
19532,3,F,2
19549,1,F,6
19551,3,F,1
19552,4,F,6
19582,4,M,2
19597,2,F,3
19598,2,M,6
19599,4,F,3
19605,6,M,6
19612,5,M,4
19622,5,F,6
19634,3,F,3
19639,6,F,2
19665,5,F,6
19671,2,F,2
19701,7,F,6
19704,7,F,2
19728,4,F,1
19750,3,F,2
19799,4,F,2
19809,5,F,2
19817,2,F,4
19826,2,F,1
19863,7,F,3
19865,2,F,3
19886,4,F,3
19893,6,F,6
19911,2,M,2
19914,2,F,3
19915,3,F,3
19928,4,F,6
19938,3,F,4
19941,3,F,6
19949,8,F,2
19966,2,M,5
19971,4,F,1
19981,4,F,4
19983,4,F,5
19991,4,F,3
20005,2,F,2
20014,4,M,3
20019,5,F,6
20028,2,F,1
20033,2,M,2
20055,7,M,5
20064,6,F,6
20067,4,F,1
20099,3,F,5
20116,6,M,3
20120,3,F,3
20130,3,F,2
20136,7,F,6
20138,2,F,2
20159,4,M,3
20165,7,F,4
20172,3,M,3
20177,4,F,5
20183,4,F,6
20189,4,F,3
20204,4,F,6
20212,4,F,1
20213,3,F,6
20234,2,F,2
20235,2,M,2
20241,5,F,6
20242,3,F,2
20244,4,F,3
20254,7,F,2
20258,5,F,2
20259,3,M,2
20261,2,F,2
20271,3,F,6
20303,4,M,5
20306,6,M,2
20317,4,F,6
20343,5,M,2
20347,2,F,2
20362,6,F,2
20367,3,F,1
20379,5,F,6
20384,6,F,3
20399,7,F,6
20424,4,F,6
20448,2,F,6
20453,3,F,6
20464,4,F,2
20491,5,F,3
20496,5,F,3
20497,2,F,5
20499,3,F,6
20506,7,F,3
20519,5,F,2
20549,7,F,6
20556,8,F,6
20569,7,F,2
20571,7,F,6
20582,2,F,2
20586,4,F,6
20605,6,M,1
20606,4,F,4
20624,3,F,6
20629,7,F,6
20630,8,M,2
20633,3,F,3
20637,7,M,5
20645,5,M,6
20648,8,F,6
20653,5,F,2
20664,2,F,2
20668,2,F,4
20707,3,F,4
20719,5,F,2
20723,6,M,3
20733,3,F,3
20745,3,M,3
20747,5,F,6
20749,5,F,6
20774,7,F,2
20786,7,M,2
20790,5,F,3
20793,5,M,1
20798,2,F,5
20804,5,M,4
20819,3,F,4
20821,7,F,5
20826,7,F,3
20836,7,F,2
20897,3,F,2
20900,3,F,6
20902,3,F,2
20907,4,F,6
20911,5,F,6
20916,4,F,3
20920,2,M,5
20928,4,F,1
20930,3,F,1
20932,6,M,2
20946,3,F,6
20948,3,F,5
20950,5,M,6
20974,4,F,2
20975,3,F,6
20980,5,M,3
20997,6,F,1
20999,4,M,5
21006,4,F,2
21029,4,F,2
21055,4,F,4
21067,4,F,3
21087,4,M,2
21089,3,M,1
21095,2,F,3
21096,3,F,5
21100,8,F,3
21117,6,F,2
21133,3,F,2
21144,7,F,3
21146,5,F,1
21150,3,M,6
21156,4,F,2
21158,2,F,3
21163,2,F,6
21168,3,F,5
21171,5,F,3
21189,4,M,6
21190,8,M,2
21204,8,F,1
21217,2,F,6
21219,3,F,2
21241,2,F,
21252,2,M,1
21253,8,F,6
21256,3,F,6
21264,4,F,6
21269,3,F,2
21270,7,M,2
21273,3,F,6
21280,7,F,4
21281,3,F,2
21293,2,F,2
21304,7,F,2
21336,5,F,3
21340,2,F,6
21347,2,F,4
21348,5,F,6
21351,4,F,5
21352,5,F,6
21380,5,F,3
21388,5,M,6
21400,5,F,5
21402,4,F,6
21428,4,F,5
21439,7,F,3
21441,5,F,4
21462,8,M,1
21465,4,F,3
21475,6,M,6
21491,5,F,5
21511,5,F,6
21545,5,F,6
21559,2,F,6
21561,3,F,4
21598,5,M,5
21601,5,F,6
21614,8,F,3
21618,5,F,6
21619,4,F,4
21642,4,F,6
21644,8,M,6
21664,3,F,2
21665,4,F,6
21690,7,F,2
21693,2,F,3
21705,4,F,6
21715,2,F,6
21733,6,F,1
21751,5,M,3
21757,7,M,6
21761,4,F,5
21762,7,F,4
21771,2,F,3
21775,2,F,4
21776,5,M,3
21779,7,F,3
21780,5,F,6
21792,5,F,5
21796,2,F,1
21801,6,M,6
21809,6,F,6
21828,8,M,6
21829,7,F,5
21837,5,M,6
21858,3,F,2
21864,5,F,6
21915,8,M,1
21919,2,F,5
21959,7,M,3
21970,2,F,3
22030,5,F,3
22092,4,F,3
22097,5,F,6
22107,5,F,6
22112,2,F,3
22136,3,F,2
22141,3,F,5
22151,5,F,2
22173,6,M,3
22175,4,F,5
22178,4,F,3
22196,3,F,3
22197,2,M,1
22199,4,F,1
22201,3,F,6
22225,2,F,5
22226,3,F,3
22243,4,F,3
22245,8,F,4
22250,4,M,6
22262,2,F,4
22277,5,M,2
22278,3,F,6
22288,3,F,4
22291,4,F,5
22305,7,M,5
22316,5,F,6
22323,4,M,6
22324,2,F,6
22333,4,F,3
22338,6,M,3
22339,6,M,2
22354,5,F,2
22356,7,M,6
22359,7,F,3
22365,5,F,6
22374,8,F,6
22405,6,F,2
22419,4,F,3
22444,5,M,2
22448,7,F,6
22452,3,F,6
22464,5,F,6
22467,8,F,6
22477,5,F,6
22488,2,F,6
22490,5,F,6
22506,4,F,1
22507,8,M,2
22526,7,F,6
22536,7,F,1
22545,7,M,6
22548,5,F,6
22556,2,M,4
22561,2,M,6
22586,7,F,2
22598,4,M,4
22624,4,M,6
22625,3,F,5
22627,5,M,6
22636,3,F,1
22639,2,M,2
22669,2,F,2
22671,7,F,5
22676,5,M,2
22697,5,F,6
22721,7,M,3
22736,5,M,6
22739,2,F,6
22754,4,F,1
22761,5,F,6
22763,3,F,5
22789,5,M,4
22793,8,F,3
22794,1,F,2
22808,3,F,6
22823,1,F,2
22827,2,F,5
22843,7,F,5
22889,7,F,6
22899,6,F,2
22941,3,F,1
22948,7,F,6
22963,8,F,6
22972,7,M,5
22977,2,F,6
22998,2,F,5
23000,2,F,6
23001,2,F,1
23013,4,M,5
23014,8,F,6
23029,7,F,2
23047,3,F,2
23054,2,F,2
23059,2,F,4
23073,6,F,3
23079,5,F,2
23087,4,F,2
23103,5,M,2
23108,6,M,6
23111,5,F,3
23117,3,F,1
23121,6,M,6
23123,3,F,3
23129,3,F,2
23132,2,F,2
23135,5,F,5
23136,2,M,2
23149,3,F,6
23158,2,M,5
23159,2,F,2
23193,3,F,2
23198,2,F,5
23201,5,F,6
23221,3,F,3
23228,3,F,5
23245,5,F,2
23246,3,M,5
23261,5,F,6
23271,5,F,2
23286,3,F,5
23298,6,M,1
23311,5,F,6
23313,4,F,2
23326,3,M,2
23337,7,F,6
23369,4,F,5
23371,2,F,1
23383,3,F,2
23403,6,F,6
23405,4,F,4
23409,2,F,1
23420,7,F,3
23422,7,F,3
23430,4,F,2
23439,3,F,3
23442,4,F,3
23447,6,F,6
23453,5,F,2
23453,5,F,5
23462,2,F,6
23484,4,F,1
23490,4,F,1
23499,6,F,6
23506,5,F,3
23508,2,M,5
23523,3,F,4
23527,6,F,5
23560,2,F,4
23579,2,F,6
23581,6,F,2
23582,7,F,2
23587,5,F,2
23590,6,F,2
23598,6,M,1
23615,8,M,3
23617,8,F,6
23643,4,F,6
23644,3,F,6
23648,2,F,5
23651,3,F,6
23668,3,F,6
23676,5,F,4
23687,2,F,1
23695,4,F,2
23710,2,F,5
23723,6,F,3
23736,2,F,3
23755,6,F,3
23770,4,M,6
23781,2,F,6
23792,3,F,2
23802,7,F,5
23810,3,F,6
23833,4,F,5
23836,7,F,5
23854,2,F,1
23856,4,F,3
23861,4,F,2
23868,3,F,3
23870,2,F,2
23872,2,F,6
23880,2,F,6
23890,7,F,2
23896,5,F,2
23909,7,M,6
23915,2,F,3
23947,4,F,6
23951,1,F,1
23961,5,F,6
23963,4,F,6
23999,4,F,1
24002,2,F,2
24025,2,F,6
24034,7,F,3
24037,3,F,2
24066,2,F,2
24090,2,F,6
24093,3,F,2
24105,2,F,6
24146,2,F,6
24154,2,F,3
24161,7,F,2
24174,2,F,6
24175,5,F,5
24182,4,F,6
24216,2,F,3
24231,5,F,1
24236,2,F,5
24245,4,F,6
24262,4,F,1
24275,4,F,6
24277,6,M,1
24282,3,F,6
24292,2,F,2
24299,7,M,3
24350,3,F,4
24357,2,F,3
24359,8,F,2
24377,7,F,6
24384,4,F,1
24403,6,M,6
24404,2,F,6
24413,5,F,6
24418,5,F,3
24427,5,F,2
24441,3,F,4
24464,4,M,6
24468,6,F,2
24470,2,F,4
24493,3,F,5
24495,7,F,3
24504,7,F,3
24512,5,F,6
24533,2,F,3
24556,4,F,2
24558,3,M,2
24566,3,F,1
24580,8,F,
24600,7,F,6
24604,4,F,6
24606,3,F,3
24620,4,M,6
24632,5,F,6
24641,2,F,2
24642,5,M,5
24651,2,F,6
24656,2,F,3
24674,2,M,6
24683,2,F,2
24689,2,F,2
24696,7,F,4
24700,2,F,5
24716,7,F,5
24724,2,F,2
24737,,F,2
24738,2,F,6
24752,2,F,4
24756,7,F,5
24761,2,F,6
24766,8,M,1
24771,2,F,2
24779,2,F,3
24811,2,F,4
24812,7,M,1
24815,2,M,3
24824,2,F,6
24828,4,F,4
24839,7,F,3
24842,2,F,4
24845,3,F,5
24846,1,M,1
24860,6,M,6
24868,6,F,4
24869,4,F,2
24875,1,M,2
24878,8,F,5
24887,1,F,4
24894,1,F,1
24906,6,F,5
24937,2,F,6
24941,2,F,1
24960,2,F,6
24972,6,F,6
24973,2,F,5
24983,2,F,2
24989,2,F,3
25005,4,F,6
25010,2,M,6
25017,2,F,2
25026,8,M,6
25032,2,F,2
25033,2,F,6
25064,3,F,1
25066,6,F,4
25067,3,M,2
25091,8,M,2
25104,2,F,4
25120,5,M,1
25127,2,F,2
25132,2,F,3
25147,3,F,2
25148,7,M,6
25169,7,M,6
25183,7,F,2
25184,2,F,3
25189,2,F,6
25210,3,F,3
25211,2,F,6
25231,3,F,6
25232,3,F,2
25250,4,F,5
25272,3,M,3
25274,6,F,6
25305,2,M,2
25310,7,F,2
25335,2,F,2
25336,2,M,4
25382,2,F,3
25398,2,F,3
25404,2,F,5
25435,2,F,2
25455,3,F,6
25470,1,F,4
25488,2,F,6
25504,2,F,4
25505,4,F,6
25520,3,F,5
25524,4,F,3
25536,2,F,2
25537,3,F,3
25583,5,F,5
25608,7,M,3
25613,8,F,2
25643,2,F,2
25645,2,F,4
25648,7,F,2
25651,6,F,2
25666,6,F,6
25674,4,F,6
25706,2,F,1
25707,2,F,2
25725,5,F,6
25742,4,F,2
25792,3,F,4
25800,6,F,1
25819,3,M,1
25821,5,F,6
25825,2,F,2
25828,4,F,6
25832,4,M,6
25834,1,F,2
25847,2,F,4
25858,5,M,3
25861,4,M,5
25871,3,F,2
25873,7,F,2
25875,7,F,1
25910,3,F,6
25911,7,F,6
25945,4,F,6
25963,2,F,4
25964,4,F,
25968,5,F,6
25969,2,M,6
25980,6,F,5
26008,8,F,6
26009,5,F,4
26011,1,F,2
26030,2,M,6
26032,2,M,6
26043,4,M,6
26047,5,F,6
26048,8,M,2
26064,2,F,6
26068,2,F,2
26073,2,M,2
26084,6,F,6
26086,7,F,6
26093,7,F,1
26095,4,M,1
26096,5,F,1
26103,6,F,2
26155,4,M,1
26169,6,F,6
26181,2,F,2
26201,2,F,5
26204,4,F,6
26213,2,F,5
26230,,,4
26235,2,F,6
26251,7,M,2
26252,7,F,5
26258,3,F,3
26259,2,M,2
26273,5,F,3
26286,2,F,6
26289,6,F,4
26291,4,M,6
26293,2,F,3
26295,8,M,6
26301,1,F,3
26302,,,4
26308,3,F,6
26321,5,F,6
26332,5,F,1
26363,2,M,6
26365,3,F,2
26369,5,F,3
26371,7,F,6
26378,2,F,6
26384,5,F,2
26390,3,F,6
26396,2,M,2
26415,2,F,6
26423,2,M,5
26427,2,M,4
26431,6,F,5
26483,1,F,6
26484,2,F,1
26492,5,F,5
26501,6,F,6
26512,4,F,1
26521,7,F,6
26528,4,F,2
26534,2,F,5
26538,7,F,6
26546,2,F,5
26559,1,F,4
26570,5,M,3
26581,6,F,2
26596,2,F,2
26631,5,F,2
26663,7,F,2
26673,7,F,5
26723,6,F,6
26728,6,M,4
26735,5,F,5
26736,5,F,5
26745,8,M,3
26746,3,M,3
26760,3,M,2
26761,4,F,6
26766,3,F,6
26772,5,F,4
26779,2,M,4
26787,7,F,6
26793,4,F,6
26797,6,F,5
26807,2,F,3
26808,6,F,6
26815,6,F,2
26821,5,M,6
26862,3,F,6
26865,2,M,6
26880,2,F,3
26888,7,F,5
26902,8,F,6
26912,5,M,2
26934,7,F,5
26936,4,F,1
26946,4,F,2
26950,5,F,5
26956,5,F,6
26957,2,M,6
26998,5,F,5
27006,4,F,6
27010,2,F,5
27032,7,M,2
27036,2,M,2
27046,6,F,6
27052,7,F,6
27060,7,F,6
27066,2,F,2
27068,6,F,6
27079,7,F,2
27081,1,F,2
27130,1,F,3
27136,7,F,3
27140,7,M,3
27148,2,F,6
27149,4,F,6
27157,2,F,5
27162,4,F,5
27164,7,F,1
27168,2,F,5
27187,2,F,2
27211,6,F,6
27215,3,F,6
27231,6,F,6
27233,2,F,2
27235,2,M,3
27253,2,F,6
27258,8,F,4
27269,2,F,3
27275,6,F,2
27276,6,F,3
27303,4,F,4
27316,7,M,6
27326,4,F,3
27334,2,F,3
27335,8,F,6
27337,5,F,4
27361,7,M,4
27362,4,F,3
27374,3,F,6
27379,3,F,6
27401,7,F,2
27402,3,F,6
27405,5,M,6
27429,4,F,6
27434,4,F,3
27436,8,F,5
27437,2,F,3
27438,1,F,3
27463,7,M,6
27465,2,F,6
27476,6,F,2
27485,5,M,6
27494,3,F,6
27516,5,M,6
27555,5,F,6
27559,8,M,4
27592,2,F,3
27597,7,F,2
27623,4,F,5
27676,5,F,2
27690,5,F,4
27691,2,F,5
27694,1,F,3
27700,2,F,5
27701,3,F,6
27707,6,F,2
27714,1,M,5
27722,4,F,2
27729,5,F,5
27731,5,F,6
27734,3,F,4
27736,7,F,2
27759,2,F,1
27782,3,F,2
27785,7,M,2
27797,2,F,3
27818,2,F,2
27820,2,F,2
27828,8,M,6
27829,8,F,4
27853,7,M,2
27855,2,F,1
27864,2,F,5
27870,5,F,2
27874,1,F,6
27881,7,F,3
27886,5,F,1
27897,2,F,1
27900,4,F,5
27910,3,M,3
27931,3,F,5
27939,3,F,6
27949,8,F,6
27953,7,F,6
27954,2,M,6
27975,4,F,6
27976,6,F,3
27978,7,F,6
27992,7,F,5
27997,5,F,5
27999,4,F,1
28012,4,F,6
28017,4,F,6
28030,7,F,3
28045,7,F,5
28047,2,F,5
28059,2,F,4
28083,2,F,5
28121,8,M,1
28130,2,F,6
28131,8,F,3
28144,5,F,3
28157,6,F,3
28169,2,F,4
28203,7,M,6
28206,2,F,2
28230,2,F,2
28239,2,M,2
28251,3,F,2
28252,7,M,3
28253,2,F,2
28255,2,M,3
28270,2,F,3
28279,5,F,6
28289,7,F,6
28290,3,F,2
28298,3,F,3
28304,6,M,6
28312,3,F,2
28319,2,F,5
28328,8,F,2
28330,2,F,6
28333,8,F,2
28352,5,F,5
28367,2,F,6
28381,2,M,2
28384,3,F,5
28387,3,F,2
28391,7,F,3
28394,2,F,5
28405,2,F,3
28407,4,M,6
28408,3,M,2
28413,7,M,6
28414,2,F,2
28451,5,F,4
28464,8,F,3
28470,2,F,1
28481,2,F,3
28493,7,F,6
28496,2,M,4
28498,6,F,6
28502,2,F,5
28518,2,F,1
28525,2,M,5
28529,4,F,2
28530,1,M,4
28541,2,F,5
28673,5,F,3
28680,7,M,5
28692,2,F,2
28733,1,F,6
28750,8,F,2
28751,6,M,1
28773,2,F,3
28782,1,F,5
28800,2,F,2
28802,7,F,2
28806,7,F,6
28811,2,F,3
28813,5,M,3
28820,1,F,5
28833,2,M,3
28841,6,M,3
28852,2,F,3
28868,8,F,1
28879,3,M,4
28881,5,F,3
28883,7,F,6
28916,6,F,6
28921,3,M,3
28926,7,F,6
28927,1,F,4
28944,4,F,6
28955,2,F,2
28968,6,M,6
28971,2,F,2
28973,1,F,6
28974,2,F,4
28987,2,F,2
28993,2,F,5
28998,2,F,3
28999,2,F,1
29002,2,M,2
29004,1,F,4
29016,8,F,5
29017,2,F,1
29033,4,F,1
29034,2,F,2
29113,5,F,3
29125,2,M,5
29126,5,M,4
29128,2,F,2
29135,2,F,3
29137,7,M,6
29146,2,F,4
29155,2,F,6
29162,2,F,6
29163,7,F,6
29166,3,F,6
29179,7,M,3
29185,3,F,4
29187,2,F,3
29197,2,F,3
29259,3,M,1
29262,5,F,6
29297,6,F,1
29317,6,M,6
29337,7,F,3
29361,2,F,3
29370,7,F,6
29379,1,F,6
29391,3,F,6
29396,3,F,3
29400,6,F,1
29401,2,M,6
29420,2,F,3
29431,2,F,2
29433,,,3
29437,2,F,2
29448,7,F,5
29475,8,M,6
29476,4,F,2
29505,5,F,2
29525,5,F,1
29565,2,F,4
29566,4,M,3
29589,3,F,2
29600,2,F,4
29618,7,M,5
29624,2,M,3
29636,2,F,3
29664,8,F,2
29674,6,F,5
29686,2,M,1
29689,3,F,6
29691,2,F,6
29700,4,F,6
29712,5,M,6
29713,2,F,1
29720,4,F,6
29764,2,F,2
29767,4,F,5
29769,2,F,4
29772,7,F,5
29775,7,F,6
29777,2,F,1
29783,4,F,5
29786,8,F,2
29789,6,M,6
29816,5,M,4
29819,2,M,4
29823,2,M,6
29842,4,F,3
29872,,,3
29876,2,F,6
29892,2,M,3
29909,7,F,3
29911,2,F,2
29915,5,F,4
29947,2,M,6
29952,2,F,2
29961,1,F,5
29985,2,M,3
29988,4,F,5
29998,,,4
29999,7,M,2
30006,2,M,5
30008,7,F,4
30013,4,F,3
30018,6,F,6
30023,2,M,5
30046,2,F,4
30047,7,F,4
30055,7,F,5
30072,2,F,5
30074,6,F,3
30085,7,M,3
30096,6,F,5
30097,2,M,5
30103,6,F,6
30137,4,M,5
30156,5,F,5
30159,5,F,3
30165,7,M,3
30172,6,F,3
30177,8,F,6
30184,2,F,5
30188,7,M,6
30251,2,F,6
30261,7,M,1
30286,6,M,4
30292,4,F,6
30323,,,2
30337,1,F,6
30345,5,F,6
30352,2,F,2
30354,6,F,3
30363,,,6
30376,2,M,3
30380,2,F,2
30393,6,M,6
30409,3,M,1
30432,2,M,3
30466,6,F,6
30476,4,F,6
30503,2,F,2
30507,7,F,6
30508,7,M,3
30509,5,F,2
30511,2,F,5
30528,8,M,2
30532,7,F,5
30534,1,M,5
30548,8,F,2
30558,8,M,6
30589,1,F,6
30595,8,F,1
30601,2,F,
30608,6,M,6
30610,1,F,5
30618,6,F,3
30619,4,M,3
30627,3,M,1
30630,2,F,4
30637,2,M,2
30638,1,F,6
30650,1,F,2
30659,2,F,2
30668,8,F,6
30682,5,F,3
30685,6,M,6
30698,7,M,6
30707,8,F,5
30709,7,M,3
30713,2,F,6
30714,7,F,1
30742,5,M,2
30775,7,F,6
30788,7,F,6
30791,4,F,6
30832,8,F,6
30842,8,F,2
30853,6,F,2
30874,2,F,1
30887,1,F,6
30897,1,M,2
30915,5,F,4
30916,3,M,6
30947,1,M,6
30948,6,F,4
30951,2,F,3
30953,1,F,3
30974,1,F,4
30981,,,6
30992,4,F,5
31032,7,M,2
31053,2,F,3
31065,2,F,2
31068,4,M,3
31080,2,F,6
31087,4,F,6
31093,7,F,5
31105,1,F,1
31109,4,F,6
31123,1,F,6
31127,7,M,5
31137,2,F,3
31140,7,M,3
31148,2,F,3
31163,1,F,6
31171,2,F,6
31202,2,M,2
31205,5,F,6
31275,6,M,2
31291,4,F,5
31301,2,M,5
31303,1,F,2
31319,8,F,6
31329,4,M,1
31330,5,F,4
31342,2,F,2
31347,2,M,6
31394,7,F,3
31404,1,F,3
31417,,,1
31432,1,F,5
31465,1,F,2
31500,2,F,4
31517,7,F,2
31543,4,F,2
31564,4,M,6
31593,2,F,3
31594,7,F,5
31613,6,F,2
31619,6,F,6
31625,,,6
31648,8,F,3
31649,6,F,6
31651,2,F,5
31658,2,M,5
31667,7,F,6
31670,8,M,6
31706,7,M,3
31709,2,F,2
31717,1,F,3
31720,,,2
31727,5,F,2
31737,1,M,3
31743,4,F,5
31751,6,F,6
31765,2,F,1
31793,1,M,6
31807,5,F,5
31810,1,M,6
31828,8,F,3
31841,4,F,5
31859,7,M,3
31899,7,F,2
31903,5,M,3
31912,2,F,2
31921,5,M,6
31932,4,M,6
31956,1,F,3
31968,2,F,6
31971,2,F,5
31974,6,F,2
31975,8,F,3
31979,3,F,6
31991,2,F,2
31993,7,F,5
32000,1,F,6
32012,2,F,6
32022,2,F,1
32045,2,F,2
32062,2,M,2
32070,1,M,5
32106,1,M,5
32114,1,F,3
32116,2,F,4
32136,2,M,6
32152,1,F,6
32152,2,F,6
32166,,,3
32170,4,F,2
32171,2,F,6
32197,,,1
32206,2,F,6
32215,2,M,6
32228,1,F,6
32248,1,F,6
32252,1,F,3
32256,3,F,3
32281,2,F,2
32287,6,F,2
32305,7,F,6
32336,2,F,4
32341,4,F,3
32344,1,F,2
32360,7,M,6
32387,2,F,3
32398,2,F,2
32406,1,F,6
32413,1,F,6
32417,7,F,4
32423,,,5
32436,1,F,6
32443,1,F,6
32462,5,F,6
32504,1,F,3
32507,8,F,6
32517,2,F,4
32522,1,F,2
32523,2,F,3
32526,2,F,2
32549,2,F,3
32558,2,F,5
32559,7,F,3
32565,3,F,6
32567,5,F,2
32571,1,F,6
32584,2,F,5
32588,4,F,2
32593,2,F,4
32599,5,F,5
32603,1,F,4
32604,2,F,3
32609,1,F,6
32612,6,F,3
32614,2,F,2
32616,1,F,3
32622,1,M,2
32623,7,M,5
32628,4,F,4
32636,6,M,5
32653,4,F,2
32655,4,F,1
32658,2,F,6
32680,2,M,2
32681,6,F,6
32692,7,M,2
32707,2,M,6
32709,5,F,3
32737,7,M,5
32741,2,F,1
32742,7,M,3
32749,1,M,3
32772,6,F,4
32773,2,F,3
32774,7,F,2
32799,7,F,2
32805,1,F,3
32806,2,M,3
32816,2,F,6
32848,7,M,2
32864,8,F,6
32868,6,F,1
32890,6,F,2
32892,4,M,6
32910,,,6
32913,6,M,3
32924,7,M,5
32947,1,F,6
32966,7,F,6
32978,,,4
32987,7,M,6
32993,8,F,2
33003,2,F,5
33025,2,F,4
33032,,,4
33034,6,F,5
33039,6,F,2
33044,3,F,6
33053,2,F,3
33066,4,M,3
33072,4,F,6
33077,4,F,6
33080,2,F,5
33093,5,M,6
33098,7,M,2
33103,7,F,4
33114,5,F,1
33125,5,F,2
33134,6,M,6
33139,1,F,3
33159,1,F,2
33167,1,F,2
33169,5,F,6
33172,1,F,5
33189,5,F,6
33193,7,M,6
33237,4,F,3
33239,1,F,6
33245,2,F,5
33272,3,F,5
33274,7,F,5
33294,7,M,6
33295,6,F,5
33297,4,M,4
33309,7,F,2
33310,1,F,1
33317,6,F,3
33320,,,2
33358,,,2
33361,1,M,5
33385,7,F,5
33392,8,F,3
33394,2,M,2
33397,5,F,3
33398,6,F,2
33405,2,F,6
33423,5,F,1
33446,1,F,6
33447,,,2
33468,1,F,2
33472,3,F,6
33486,2,F,2
33502,8,F,3
33545,2,M,4
33563,8,F,1
33565,2,F,6
33580,8,F,2
33608,7,F,4
33612,1,F,4
33670,2,M,6
33675,4,F,6
33678,,,4
33728,2,F,6
33733,6,F,4
33750,2,F,6
33753,,,6
33756,4,F,5
33774,5,F,6
33778,7,F,6
33779,1,F,2
33807,,,2
33813,,,5
33848,8,F,6
33876,2,F,3
33879,5,M,2
33883,8,F,2
33891,1,F,6
33895,1,F,6
33903,2,F,3
33906,5,F,6
33915,7,F,6
33917,1,F,3
33924,,,1
33925,4,F,3
33936,1,F,3
33938,5,F,2
33939,5,F,5
33944,2,M,5
33950,2,F,1
33951,1,F,3
33952,6,F,6
33956,8,M,2
33961,4,F,6
33999,5,F,4
34005,2,F,3
34017,,,6
34023,1,F,5
34025,6,M,2
34129,2,F,3
34138,2,F,6
34146,1,F,2
34171,7,M,3
34187,6,F,6
34188,,,3
34198,2,F,3
34199,1,F,6
34210,2,F,6
34211,5,M,2
34213,,,1
34256,2,F,5
34261,1,F,5
34286,7,F,5
34292,8,F,5
34293,1,F,5
34314,7,M,1
34321,3,F,2
34324,8,M,6
34332,1,M,3
34335,8,M,6
34348,1,M,2
34356,2,F,4
34361,8,F,6
34387,1,F,3
34395,2,F,3
34407,1,F,3
34426,1,F,6
34452,8,M,6
34473,2,M,6
34499,4,F,5
34502,2,F,2
34509,4,F,3
34521,2,F,2
34533,2,F,3
34536,1,F,6
34541,7,F,3
34568,7,F,6
34570,2,F,4
34581,5,M,2
34600,1,M,6
34619,1,F,6
34653,7,M,5
34681,,,1
34687,2,F,3
34704,1,F,3
34714,7,F,6
34719,2,F,6
34729,,,6
34731,6,F,2
34746,2,F,6
34756,1,F,6
34759,2,F,2
34770,5,F,5
34793,2,F,3
34802,2,M,6
34816,1,F,6
34821,6,F,4
34859,4,F,5
34863,2,F,4
34866,2,F,2
34876,8,F,5
34885,1,M,
34896,5,M,2
34913,3,M,2
34917,2,F,2
34935,6,F,6
34943,1,F,3
34955,,,3
34985,8,F,3
34993,7,F,1
35013,5,F,5
35031,,,5
35052,1,F,6
35095,2,F,4
35120,7,F,1
35123,2,F,6
35140,8,M,2
35141,2,F,2
35150,5,F,1
35151,,,2
35186,6,F,4
35219,1,F,4
35246,,,5
35258,7,F,1
35275,2,F,3
35280,2,F,6
35298,1,M,6
35304,1,F,6
35320,1,F,2
35334,7,F,6
35340,7,F,3
35392,5,M,
35432,1,F,5
